seq,名称EN,名称CN,展厅,类别,对象类型,同类组,组内件数,HS,IU,VI,VA,CE,ER,Q,D,G,CR,Core,V3旧tier,V3新tier,是否变化,判定说明,证据可信度,评分依据,CR理由,S-ness理由
1,"Yin Yu Tang, Chinese Merchant House",荫余堂 清代徽州商人古宅,Yin Yu Tang Courtyard,Historic Wooden Architecture,node,历史宅邸建筑,1,9.2,10.0,9.4,9.5,9.8,8.8,9.8,10.0,10.0,9.900,9.555,S,S,,Core 9.555，峰值 10.0，S-ness 3/3,high,海外唯一完整迁建的清代徽州商宅兼具全球稀缺性、完整生活空间和极强文明叙事，是PEM最不可替代的身份标志，虽迁离安徽原址仍保留了宅院内部关系。,组内唯一的历史宅邸建筑，且以海外罕见的整体迁建清代徽州民居身份成为PEM最具辨识度的空间体验与中国社会史叙事核心，故品质、独特性和补位价值均居本组绝对首位。,三项均成立，保留S。荫余堂是具有完整空间体验的海外孤例，两小时行程仍须优先安排；漏看会错失PEM最鲜明的现场体验，其消失也会直接剥离全馆最具辨识度的身份标志。
2,"Nanban Byobu, Portuguese Trade Arrival Screen",南蛮屏风：葡萄牙商船到来六曲屏风,Japanese Art Gallery,Screen Painting,object,日本屏风画,1,9.1,9.3,9.2,8.9,9.4,0,9.6,9.8,9.9,9.720,9.242,S,S,,Core 9.242，峰值 9.4，S-ness 3/3,high,这件17世纪初金地六曲南蛮屏风既是欧日早期接触的重要图像史料，又以宏大华丽的现场效果直接支撑PEM的跨洋贸易叙事。,组内唯一的日本屏风画，且为南蛮画高水平典范，独占类别代表性并以欧日海贸图像关键补足PEM的跨洋交流叙事。,三项均成立，保留S。屏风兼具高水平日本绘画、强烈视觉效果与欧亚海上接触主题，适合两小时重点路线；漏看明显可惜。它对PEM的意义不只是日本屏风中的佳作，还精准连接东亚收藏与跨洋贸易叙事，故其消失会明显损害本馆身份。
3,Hawaiian Kū War God Figure,夏威夷库战神木雕,Oceanic Art Gallery,Carved Wood Sculpture,object,大洋洲仪式木雕,7,9.2,9.5,9.3,9.0,9.3,0,9.8,9.8,9.7,9.780,9.333,S,S,,Core 9.333，峰值 9.5，S-ness 3/3,high,官方断代为19世纪早期而非前接触期，但这尊罕见的大型库神像仍是夏威夷宗教与王权的一级物证，也是PEM立馆性大洋洲收藏的核心焦点。,组内绝对首位，纪念碑式库神像在品质、稀缺性与大洋洲叙事锚点作用上均远超其余六件。,三项均成立，保留S。这尊19世纪早期夏威夷神像具有纪念碑尺度、稀缺性和强烈现场感染力，两小时内应看，漏看亦明显可惜。作为PEM核心大洋洲收藏的代表性锚点，其消失会使该支柱板块及其早期远洋收藏叙事明显受损。
4,"Spilum, Pair Portraits of Captain Wheatland & Wife",斯波伦 惠特兰船长夫妇外销肖像,Asian Export Art Gallery,Oil on Canvas,object,中国外销油画肖像,1,8.5,9.2,7.3,7.7,9.1,0,9.1,9.6,9.8,9.390,8.554,S,S,,Core 8.554，峰值 9.2，S-ness 2/3,medium,史贝霖为塞勒姆船长夫妇绘制且成对留存的外销肖像，把广州作坊、西洋油画技法、中美贸易和本馆航海根源集中在同一组作品中。,本组唯一且成对完整的中国外销油画肖像，兼具较高典范性，并以塞勒姆船长委托关系把广州外销艺术与PEM海事贸易两条核心叙事直接衔接起来。,两项成立，保留S。作品虽不以视觉震撼见长，却以广州画师、塞勒姆船长和外销订制关系把PEM的两条主叙事直接连接起来，两小时路线值得专门安排，漏看也会错失极具本馆特色的中美贸易物证。不过PEM仍有大量海事及亚洲外销藏品，失去这一对肖像会造成缺口，但不足以单独改变全馆身份。
5,"Fitz Henry Lane, Twilight on the Kennebec",菲茨·亨利·莱恩：肯尼贝克河暮色,American Art Gallery,Oil Painting,object,美国光亮主义海景画,1,8.6,7.8,7.7,7.9,8.0,0,9.1,9.0,8.5,8.950,8.105,A,A,,Core 8.105 落在 7.2–8.49,high,莱恩1849年的成熟海景具有国家级光亮主义水准并呼应新英格兰海运文化，但其静谧中等尺幅和PEM非顶尖的美国绘画定位限制了本馆不可替代性。,作为本组唯一作品，它以莱恩成熟的光亮主义海景品质居于组内首位且具高独特性，并补足了PEM海事传统与19世纪新英格兰美国绘画之间的叙事连接。,
6,"John Singleton Copley, Portrait of Sarah Erving Waldo",科普利：莎拉·欧文·沃尔多肖像,American Art Gallery,Oil Painting,object,美国殖民地肖像画,1,8.9,6.9,7.8,7.7,7.9,0,9.0,8.4,8.1,8.640,7.879,A,A,,Core 7.879 落在 7.2–8.49,high,这件1764至1765年的科普利精品以卓越织物描绘呈现殖民地精英文化，但同级科普利作品在邻近机构更集中，因而并非PEM身份支柱。,组内唯一且自然居首，作为高水准科普利殖民地肖像具有较强类别代表性与馆内独特性，并补足PEM对独立战争前新英格兰精英社会的叙事。,
7,"Rush Figurehead, USS Frigate",rushing船头木雕人像,Maritime Gallery,Carved Wood Sculpture,object,美国海事木雕,1,8.7,9.4,9.2,8.9,8.8,0,9.3,9.8,9.8,9.550,9.080,S,S,,Core 9.080，峰值 9.4，S-ness 2/3,high,这件约1805年、传为威廉·拉什所作的纪念碑式护卫舰船首像兼具早期美国雕塑与海军史价值，并以巨大体量成为PEM海事身份的直接象征。,作为组内唯一对象，这件约1805年的纪念碑式美国军舰船首像兼具早期本土雕塑典范性与极高非重复性，并直接锚定PEM的塞勒姆海事叙事。,两项成立，保留S。大型船首像直观、易读且具有强烈空间存在感，是两小时海事路线中的有效核心展件，漏看明显可惜。但PEM的海事身份由规模庞大的航海、贸易和船舶相关收藏共同构成，单件船首像消失会削弱展厅，却未必使全馆身份明显受损。
8,Chinese Export Mandarin Punch Bowl,中国外销纹章大潘趣碗,Maritime Gallery Captain Collectors,Porcelain,object,中国外销瓷,3,8.2,9.7,7.5,7.8,9.3,0,9.3,9.7,9.8,9.520,8.707,S,A,变,Core 8.707 达标但 S-ness 仅 1/3 通过，降 A,medium,大规格纹章潘趣碗本身是优质外销瓷，而其与东印度海洋学会创始船长相连的来源链更使其成为PEM由航海收藏发展而来的建馆物证。,组内稳居首位，其大型定制形制与建馆收藏渊源远超两件常规广彩器，最能贯通广州贸易、船长收藏和PEM起源叙事。,仅一项成立，降为A。其船长旧藏背景适合在两小时路线中作为简短的建馆史节点，因此q1成立；但器物的特殊性高度依赖出处说明，普通游客漏看并非明显遗憾。东印度海洋学会及早期船长收藏还可由其他藏品和档案承载，单只潘趣碗消失不会明显改变PEM身份。
9,"Edo Jizō Bosatsu Wood Sculpture, 1279",1279年地藏菩萨木雕,Powerful Figures Gallery,Wood Gilded Lacquer Sculpture,object,日本佛教木雕,1,9.1,8.4,8.8,8.6,9.0,0,9.4,9.7,8.5,9.310,8.811,A,S,变,Core 8.811，峰值 9.1，S-ness 2/3,high,官方纪年1279年表明其属镰仓时代而非题名中的江户时代，确切纪年、纪念碑尺度与保存金漆使其成为美国收藏中罕见的日本佛教雕塑重器。,组内唯一且自然居首，1279年纪年与复合髹漆木雕工艺使其兼具高典范性和不可替代性，并为PEM的日本收藏补上镰仓佛教造像这一重要叙事环节。,两项成立，保留S。确切纪年的镰仓时代纪念碑式木雕兼具历史稀缺性、工艺保存价值和现场效果，两小时路线仍值得安排，漏看明显可惜。不过日本佛教雕塑并非PEM区别于其他美国博物馆的首要身份支柱，失去此像会损害收藏质量，但不会明显改变本馆身份。
10,"Samuel McIntire, Gardner‑Pingree House architectural carvings",塞缪尔·麦金太尔 加德纳‑平格里宅木雕构件,Gardner‑Pingree Historic House,Wood Architectural Ornament,node,塞勒姆联邦风格建筑木雕,1,8.5,8.8,7.2,7.4,8.7,9.7,9.0,8.8,8.6,8.860,8.386,A,A,,Core 8.386 落在 7.2–8.49,medium,麦金太尔木雕以原位成组状态嵌入加德纳－平格里宅，既代表美国联邦风格又连接PEM与塞勒姆城市史，其空间关系完整性远胜脱离建筑的构件。,作为组内唯一对象，它以麦金太尔原位保存的联邦风格木雕占据首位，既具较高典范性和非重复性，也补足了PEM从塞勒姆远洋贸易延伸至本地商人住宅文化的叙事。,
11,"Josh Simpson, Mega‑Megaplanet Glass Sphere",乔希·辛普森：巨型星球艺术玻璃球,Art & Nature Center,Art Glass,object,美国工作室玻璃,1,6.8,6.8,9.0,9.2,5.6,0,7.8,9.0,6.2,7.840,7.414,A,A,,Core 7.414 落在 7.2–8.49,medium,巨型星球玻璃球凭尺度、光泽与内部色彩拥有极强即时吸引力，但同母题仍在延续且难以承载重要历史制度或文明叙事。,作为本组唯一对象，它以巨型球体及辛普森标志性的“星球”语汇独占美国工作室玻璃席位，D自然居首，但对PEM海事与亚洲外销艺术核心叙事仅属当代补位。,
12,Korean Joseon Governor Welcoming Banquet Screen,朝鲜朝鲜时代 平壤道牧使欢迎宴会屏风,Korean Art Gallery,Screen Painting,object,朝鲜王朝屏风画,1,8.8,9.0,8.8,8.4,9.4,0,9.3,9.6,9.2,9.370,8.937,S,A,变,Core 8.937 达标但 S-ness 仅 1/3 通过，降 A,medium,这件大幅朝鲜官署宴会屏风以密集人物和建筑场景记录地方官僚礼仪，是美国少见的高规格纪事屏风，也是PEM韩国艺术板块的代表作。,组内唯一且属罕见的大幅朝鲜官署宴飨纪事屏风，在品质、独特性与补足韩国地方治理礼仪叙事方面均居无可替代的首位。,仅一项成立，降为A。它是重要且少见的朝鲜纪事屏风，漏看确实可惜；但画面信息需要较长时间阅读，在仅有两小时的PEM路线中应让位于荫余堂、海事、亚洲外销及大洋洲的身份级展件。其消失会削弱韩国艺术陈列，却不足以使全馆身份明显受损。
13,Maori War Treasure Jade Mere,毛利玉质战争权杖,Mixed Oceanic Gallery,Nephrite Jade Weapon,object,大洋洲礼仪兵器,1,8.4,8.5,6.4,7.2,8.6,0,8.8,9.4,9.2,9.060,8.041,S,A,变,Core 8.041 落在 7.2–8.49,medium,前接触期高阶毛利软玉 mere 将精湛石作、酋长权威与 taonga 传承制度同塞勒姆早期远洋采集史联系起来，但手持尺度限制了现场冲击力。,组内唯一且以软玉材质、毛利酋长权威与礼仪兵器属性占据首位，并为 PEM 的大洋洲文化及早期新英格兰远航收藏史补上不可替代的一环。,
14,"Childe Hassam, New England Autumn Landscape",柴尔德·哈萨姆：新英格兰秋景,American Art Gallery,Oil Painting,object,美国风景油画,2,7.6,6.8,7.6,7.5,7.2,0,8.1,6.5,7.2,7.440,7.309,A,A,,Core 7.309 落在 7.2–8.49,medium,作品代表哈萨姆成熟期美国印象派风景画水准，新英格兰题材具有地域契合度，但并非其顶级代表作，且美国主流绘画不是 PEM 的核心优势。,组内品质与艺术史典范性居首，但其新英格兰印象派秋景相对更常见，独特性和叙事补位弱于布里奇斯作品。,
15,"Robert Feke, Portrait of Judge Richard Saltonstall",罗伯特·费克：理查德·索尔顿斯托尔法官肖像,American Art Gallery,Oil Painting,object,美国肖像油画,2,8.1,7.8,7.3,6.9,8.1,0,8.8,8.8,8.4,8.720,7.787,A,A,,Core 7.787 落在 7.2–8.49,high,这幅约1750年的费克正式肖像属于美国殖民时期肖像画的重要实例，并能以马萨诸塞法官形象有效讲述新英格兰精英社会与权力结构。,组内居首：作为费克现存佳作之一，它以殖民时期新英格兰肖像的稀缺性和地域关联，较萨金特常见的镀金时代社会肖像更能补强PEM叙事。,
16,"Fidelia Bridges, Pastures by the Sea",菲德莉娅·布里奇斯：海边牧场,American Art Gallery,Oil Painting,object,美国风景油画,2,7.2,6.9,7.3,7.3,7.3,0,7.7,8.5,8.1,8.020,7.252,B,A,变,Core 7.252 落在 7.2–8.49,high,细腻的海岸牧场、鸟类和野花题材兼具新英格兰地域感与女性艺术史价值，且艺术家本人早期捐赠增强了馆藏关联，但其艺术史地位并非国家级顶点。,组内品质略居次席，但海滨牧场结合鸟类、野花与女性艺术家视角，且由艺术家本人捐赠，因而独特性与PEM沿海叙事补位均居首。,
17,"Samuel McIntire, carved fireplace surround",塞缪尔·麦金太尔雕刻壁炉围板,Gardner‑Pingree House,Wood Architectural Carving,node,塞勒姆历史宅邸室内构件,1,8.3,9.1,8,7.7,8.7,9.2,8.8,9.1,8.6,8.850,8.530,A,A,,Core 8.530 达标但 S-ness 仅 0/3 通过，降 A,medium,麦金太尔式新古典木雕围板是 Gardner-Pingree House 联邦时期室内整体的关键建筑节点，在塞勒姆原生宅邸语境中具有很高的不可替代性和环境关联度。,作为组内唯一对象，它以精细的新古典主义雕刻和麦金太尔式联邦时期风格占据最高且不可替代的位置，并补足PEM对塞勒姆本地宅邸与工艺史的叙事。,三项均不成立，降为A。壁炉围板是精良的联邦时期室内雕刻，但在两小时路线中不是必须单独安排的对象，漏看也不构成明显遗憾。它主要加强Gardner-Pingree House的历史室内语境，而美国主流装饰艺术并非PEM最不可替代的身份核心，单件构件消失不会明显损害全馆身份。
18,"John Singer Sargent, Portrait of Sarah Lawrence Brooks",萨金特：萨拉·劳伦斯·布鲁克斯肖像,American Art Gallery,Oil Painting,object,美国肖像油画,2,8.2,7,8.4,8.1,7.4,0,8.4,7.3,6.8,7.750,7.750,A,A,,Core 7.750 落在 7.2–8.49,medium,这幅大尺幅晚期社会肖像展现了萨金特的一流笔触与人物塑造能力，现场观赏性很强，但作为次于其绝对名作的作品，对 PEM 核心身份的支撑有限。,组内居次：其画家地位与笔触品质突出，并填补19世纪末美国社会肖像一环，但并非萨金特最高等级代表作，且对PEM核心身份的贡献弱于费克肖像。,
19,"Josh Simpson, smaller planet glass orb",乔希·辛普森 中小型星球玻璃球,Art & Nature Center,Art Glass,object,当代艺术玻璃,2,5.8,5,6.8,7.2,5.8,0,6.8,7.2,5.8,6.720,6.052,B,B,,Core 6.052 落在 5.5–7.19,medium,星球般的内部纹理使玻璃球直观而讨喜，但较小尺度且与同馆更具标志性的 Mega-Megaplanet 出自同一创作体系，单件可替代性较高。,组内两件同作者、同星球母题作品中，此件尺度与完整性更具代表性，居组内首位，但仍与小型弹珠及大型同系列作品存在重复。,
20,Chinese Export porcelain dinner service partial set,中国外销瓷餐具套件残套,Asian Export Art Gallery,Porcelain,object,东亚外销瓷,2,6.8,7.5,7.2,7.1,8.2,0,7.9,7.2,9.2,7.950,7.405,A,A,,Core 7.405 落在 7.2–8.49,medium,这组面向美国市场的广彩餐具能清楚呈现中美贸易、消费和餐桌文化，契合 PEM 的外销艺术核心身份，但残套状态和常见器类降低了单件不可替代性。,组内品质居次且残套使典范性略逊，但其面向美国市场的广彩餐具最直接衔接塞勒姆远洋贸易与PEM外销艺术主线。,
21,Japanese Arita blue‑and‑white charger plate,日本有田烧青花大盘,Asian Export Art Gallery,Porcelain,object,东亚外销瓷,2,7.5,7.8,8.3,8.1,8.1,0,8.6,8.8,8.5,8.640,7.989,A,A,,Core 7.989 落在 7.2–8.49,medium,巨型有田青花盘以醒目尺度和繁密人物纹饰体现日本为欧洲市场生产瓷器的适应与创新，是 PEM 亚洲外销艺术叙事中较强的视觉锚点。,组内居首，巨型器制、繁密人物青花及日本有田烧面向欧洲贸易的组合，比常见中国外销餐具更具独特性并补足日欧交流一环。,
22,Japanese netsuke rabbit by Naito Toyomasa,内藤丰正 兔子根付,Japanese Art Gallery,Carved Ivory,object,日本根付,3,8.6,8,7.7,8.3,7.9,0,9.1,9.2,7.8,8.870,8.192,A,A,,Core 8.192 落在 7.2–8.49,high,内藤丰昌签名兔子是江户根付名家的高水平微雕，以生动动物造型、精细象牙工艺和名家身份兼具类别代表性与亲和力，唯微小尺度略限视觉冲击。,组内品质与典范性居首，名家署款、年代明确的兔形象牙根付最能代表江户根付艺术，故与其余两件显著拉开。,
23,Edo period medicine‑shop kanban signboard,江户药铺漆绘看板,Japanese Art Gallery,Painted Wood Sign,object,日本商业招牌,1,7.6,7.6,8,8.2,8.8,0,8.3,9.2,8.5,8.610,8.031,A,A,,Core 8.031 落在 7.2–8.49,high,这件十九世纪胃药广告看板以木、漆、金和鲜明图像保存了罕见的江户商业视觉文化，能生动解释城市消费、医药和早期广告制度。,组内唯一的日本商业招牌，以罕见的江户药品广告形态和鲜明漆绘工艺居首，补足日本日常商业文化及物质生活叙事。,
24,"Katsumata Chieko, Pumpkin ceramic sculpture",胜田千惠子：南瓜陶塑,Japanese Art Gallery,Stoneware Ceramic,object,日本当代陶艺,2,7.6,6.9,8.1,8.1,7.6,0,8.3,8.8,7.8,8.350,7.650,B,A,变,Core 7.650 落在 7.2–8.49,high,胜间田千惠子的南瓜陶塑以有机形态和亚光表面体现当代日本陶艺从器皿走向雕塑的趋势，视觉亲和力突出，但并非 PEM 身份不可替代的核心作品。,组内居首，其知名艺术家创作的有机南瓜造型兼具鲜明个人语言与当代日本陶艺的叙事补位价值，显著区别于常规器用陶瓷。,
25,Joseon folding screen landscape painting,朝鲜时代山水六曲屏风,Korean Art Gallery,Screen Painting,object,朝鲜屏风画,1,7.0,7.0,7.7,7.3,7.2,0,7.4,8.8,8.1,7.960,7.276,A,A,,Core 7.276 落在 7.2–8.49,medium,六曲山水屏兼具朝鲜绘画的典型形制与较强空间展开效果，品质高于常规馆藏，但并非王室或名家顶级作品。,作为组内唯一的朝鲜屏风画，其品质属较高水准且独特性居首，并为馆内东亚叙事补入朝鲜山水画与屏风陈设传统。,
26,"Hank Willis Thomas, Rich Black Specimen #460",汉克·威利斯·托马斯：黑色标本#460,American Contemporary Gallery,Metal Cut‑out Sculpture,object,美国当代雕塑与装置,2,7.6,6.9,7.4,7.2,8.4,0,8.3,7.4,7.8,7.930,7.488,A,A,,Core 7.488 落在 7.2–8.49,high,托马斯以醒目的金属剪影探讨美国种族史，艺术家地位与议题价值突出，但美国当代艺术并非PEM最不可替代的收藏核心。,组内品质与当代社会议题代表性居首，但金属剪影形式相较沉船立柜较常见，故独特性列第二，并补入PEM较弱的当代种族叙事。,
27,Salem ship portrait: “Friendship of Salem”,塞勒姆商船《友谊号》船舶肖像,Maritime Gallery,Oil Painting,object,美国船舶肖像画,1,7.8,8.9,7.2,7.8,8.7,0,8.5,9.3,9.6,8.960,8.236,A,A,,Core 8.236 落在 7.2–8.49,medium,《友谊号》直接连接塞勒姆远洋贸易史与PEM的创馆根源，是兼具地方象征性和航海史文献价值的核心船舶肖像。,作为组内唯一的美国船舶肖像，它以塞勒姆著名商船“友谊号”直接承载本地远洋贸易史，在同组独特性居首并为PEM核心海事叙事提供关键补位。,
28,Brass Pakistani Astrolabe,巴基斯坦黄铜星盘,Maritime Gallery,Engraved Brass Scientific Instrument,object,航海与天文仪器,1,7.2,7.6,6.8,7.3,8.3,0,7.8,9.0,9.2,8.440,7.544,A,A,,Core 7.544 落在 7.2–8.49,medium,精刻黄铜星盘能够串联伊斯兰天文学、海上定位技术及塞勒姆船长的跨文化收藏活动，教育价值尤强。,作为组内唯一的航海与天文仪器，它以精刻伊斯兰星盘连接天文导航、塞勒姆船长收藏与跨洋贸易叙事，独特性和补位价值均居本组首位。,
29,"Valerie Hagerty, Shipwrecked Armoire with Barnacles",瓦莱丽·哈格蒂：附藤壶沉船主题立柜,Maritime Gallery,Mixed‑Media Furniture‑Sculpture,object,美国当代雕塑与装置,2,6.8,8.0,8.4,8.5,7.7,0,7.7,9.2,9.4,8.490,7.899,A,A,,Core 7.899 落在 7.2–8.49,medium,被藤壶侵蚀的立柜以强烈而易懂的视觉幻象重述沉船与物质衰败，并与PEM的海事身份形成鲜明当代对话。,组内以家具、沉船意象和综合材质的罕见结合独特性居首，且最能把当代装置与PEM核心海事叙事衔接起来。,
30,1803 ship‑wreck calendar stick,1803海难记事刻木杖,Maritime Gallery,Carved Wood Folk Object,object,美国海事民俗器物,1,7.3,8.4,5.2,7.4,8.6,0,8.1,9.4,9.2,8.710,7.611,A,A,,Core 7.611 落在 7.2–8.49,medium,以木杖刻痕记录海难生还日数的方式罕见且叙事直接，虽外观朴素，却是PEM解释普通海员经历的有力实物。,作为组内唯一对象，这件以刻痕记录海难生存日数的1803年民俗木杖形制与功能罕见，独占最高代表位，并为PEM核心海事叙事补入普通船员灾难记忆的一环。,
31,Tahitian carved war club,塔希提雕花战棒,Oceanic Gallery,Carved Wood Weapon,object,大洋洲木雕,3,6.5,7.3,7.0,6.9,7.4,0,7.2,6.2,8.0,7.060,7.026,B,B,,Core 7.026 落在 5.5–7.19,medium,战棒雕工良好并带有塞勒姆时代航行来源，可呈现波利尼西亚武器文化和早期采集史，但明确不是王室级顶尖实例。,组内列第三，雕工与塞勒姆远航渊源具价值，但非顶级王室范例，且木雕战棒相较神灵造像与waka huia更易出现类型重复。,
32,Fiji carved spirit figure,斐济祖先神灵木雕,Oceanic Gallery,Carved Wood Sculpture,object,大洋洲木雕,3,7.4,8.1,8.0,7.8,8.0,0,8.4,7.8,8.8,8.300,7.905,A,A,,Core 7.905 落在 7.2–8.49,medium,造型有力的斐济祖灵木雕兼具宗教表现力与早期新英格兰航行采集背景，在PEM核心大洋洲收藏中具有较强辨识度。,组内列第二，其有力的祖先神灵造型兼具较高品质与仪式文化内涵，并为另外两件偏器用性的木雕补足斐济宗教叙事。,
33,New Zealand Māori carved treasure box (waka huia),毛利雕花珍宝木盒waka huia,Oceanic Gallery,Carved Wood Container,object,大洋洲木雕,3,7.7,8.0,7.8,7.7,8.2,0,8.6,9.0,8.7,8.740,7.969,A,A,,Core 7.969 落在 7.2–8.49,medium,waka huia是毛利保存羽饰与贵重物的经典器类，精细旋纹雕刻能有效说明身份、财富、祖先观念与木雕传统。,组内列第一，waka huia作为辨识度很高的毛利珍宝容器，以经典器形和精细旋纹雕刻构成三件中最独特、最具典范性的对象。,
34,Chinese export gouache painting set of trades,中国外销水粉百工图组画,Asian Export Art Gallery,Gouache on Paper,object,中国外销绘画,2,6.9,7.7,7.2,7.4,8.6,0,7.5,6.3,8.2,7.280,7.513,A,A,,Core 7.513 落在 7.2–8.49,medium,成组百工图虽属流行外销题材，却以丰富细节呈现中国行业、劳动形象及西方市场的观看需求，尤其适合贸易史叙事。,组内列第2，百工题材能典型呈现外销水粉的系列化生产与贸易视角，但相较商人油画肖像更常见、重复性也更高。,
35,Canton painted fan for western lady,广州外销西洋女士彩绘折扇,Asian Export Art Gallery,Ivory‑Paper Fan,object,中国外销扇,2,6.5,7.5,7.5,7.7,8.0,0,8.2,8.5,8.6,8.370,7.492,B,A,变,Core 7.492 落在 7.2–8.49,medium,为美国女性顾客制作的广州彩绘折扇工艺精致，能够直观解释外销生产、跨文化审美和女性消费史，但器类本身并不罕见。,组内排名第一，精细象牙扇骨与面向美国女性顾客的定制属性使其比普通竹骨扇更具典范性，并突出PEM的中美外销艺术叙事。,
36,Spilum portrait of Chinese merchant,斯波伦绘制中国商人肖像,Asian Export Art Gallery,Oil on Canvas,object,中国外销绘画,2,8.0,8.5,7.7,7.7,8.8,0,8.7,9.1,8.8,8.840,8.239,A,A,,Core 8.239 落在 7.2–8.49,medium,由广州外销画家以西式油画描绘中国商人的作品题材少见，集中体现贸易中介者、中国画师能动性与中西视觉交流，十分契合PEM核心身份。,组内列第1，斯波伦所绘中国商人油画肖像兼具罕见题材与中西绘画交汇特征，是两件中更独特且更能强化PEM外销艺术叙事者。,
37,Mughal painted manuscript leaf,莫卧儿细密画册页,Asian Export Art Gallery,Opaque Watercolor on Paper,object,南亚纸本细密画,1,7.2,7.1,6.8,6.8,7.5,0,7.8,8.8,8.3,8.200,7.200,B,A,变,Core 7.200 落在 7.2–8.49,medium,这件高质量莫卧儿宫廷风格册页代表重要细密画传统，其经塞勒姆贸易网络入藏的经历又能连接PEM的亚洲收藏与远洋贸易叙事。,作为组内唯一的南亚纸本细密画，它以较高品质的莫卧儿宫廷风格获得最高且显著的独特性，并补足PEM亚洲贸易叙事中的印度艺术一环。,
38,"Sinhalese ivory combs, export set",斯里兰卡外销象牙梳子套件,Asian Export Art Gallery,Carved Ivory,object,南亚外销象牙器,1,7.0,7.8,7.0,7.1,8.0,0,7.8,9.0,8.5,8.300,7.495,B,A,变,Core 7.495 落在 7.2–8.49,medium,华丽雕刻的斯里兰卡外销梳具兼具工艺吸引力，并可直接阐释南亚生产、欧美消费与殖民贸易，和PEM的亚洲外销艺术核心身份高度契合。,作为组内唯一对象，这套斯里兰卡外销象牙梳兼具较高工艺代表性与显著独特性，并为PEM亚洲外销艺术叙事补入南亚—欧美贸易的一环。,
39,Edo period noblewoman palanquin (onna norimono),江户贵族女子轿舆,Japanese Art Gallery,Lacquered Wood Transport Object,object,日本漆艺仪仗与交通器,1,8.0,8.3,8.7,8.5,8.5,0,8.8,9.4,8.7,8.960,8.426,A,A,,Core 8.426 落在 7.2–8.49,high,保存良好的贵族女性漆轿以大型体量、金箔丝织等复合装饰呈现江户上层社会的性别、等级、出行礼制与工艺，是PEM日本收藏中的突出现场焦点。,作为组内唯一对象，这件保存完好的江户贵族女子漆轿以复合工艺和鲜明的身份礼制特征居组内首位，并补足日本精英女性生活、仪仗与交通叙事。,
40,18‑century Japanese dragonfly‑design kabuto helmet,18世纪蜻蜓纹饰武士兜头盔,Japanese Art Gallery,Metal Helmet Armor,object,日本武具,2,7.5,7.7,8.0,8.2,7.7,0,8.4,8.8,7.9,8.420,7.852,A,A,,Core 7.852 落在 7.2–8.49,high,寺田忠丰制作的蜻蜓纹漆艺武士兜兼具精细工艺、鲜明轮廓和武家象征意义，能为PEM的重要日本收藏提供辨识度很高的代表作。,组内居首，寺田忠丰所作的蜻蜓纹漆与螺钿兜兼具工艺品质、明确作者与鲜明图像特征，是两件中更具代表性且不可替代的日本武具。,
41,Japanese ukiyo‑e complete Hokusai print set partial,葛饰北斋浮世绘组画残套,Japanese Art Gallery,Woodblock Print,object,日本浮世绘版画,5,7.6,6.9,6.7,7.5,7.7,0,8.7,8.4,8.0,8.470,7.377,A,A,,Core 7.377 落在 7.2–8.49,low,北斋版画具有很高的艺术史知名度且良好印况可增强观赏性，但残套、轮换展出及具体系列不明限制了其作为PEM标志性藏品的地位。,组内排名第二，以良好印工和北斋组画形态区别于广重风景系列，仅因残套而略逊首位。,
42,Hiroshige Tokaido set partial,歌川广重东海道五十三次部分版画,Japanese Art Gallery,Woodblock Print,object,日本浮世绘版画,5,7.7,6.9,6.8,7.5,8.0,0,8.8,9.0,8.2,8.740,7.484,A,A,,Core 7.484 落在 7.2–8.49,low,《东海道五十三次》是江户风景版画的经典系列，能够生动讲解旅行文化、名所消费与版画传播，但部分选件且版次印况未明，馆内不可替代性有限。,组内排名第一，广重《东海道五十三次》兼具典范性与系列辨识度，是同组站点风景版画的代表作。,
43,Joseon dynasty brass ritual incense burner,朝鲜王朝黄铜礼式香炉,Korean Art Gallery,Brass Inlaid Metalwork,object,朝鲜传统金工,1,6.9,6.8,7.0,6.9,7.5,0,7.3,8.4,7.7,7.710,7.061,B,B,,Core 7.061 落在 5.5–7.19,medium,黄铜铸造与错银装饰使其成为品质良好的朝鲜王朝礼仪金工，并可解释仪式、宗教实践和传统工艺，但尚不足以构成PEM的独立身份标志。,作为组内唯一对象，这件错银黄铜礼式香炉以较精雅的工艺独占高D，并为PEM东亚叙事补入朝鲜王朝礼仪金工一环。,
44,Nam June Paik small video‑art sculpture,白南准小型影像雕塑,Korean Contemporary Gallery,Mixed‑Media Video Sculpture,object,韩国现当代艺术,1,8.0,6.6,7.4,7.8,8.4,0,8.6,9.2,8.7,8.800,7.670,A,A,,Core 7.670 落在 7.2–8.49,medium,白南准作为影像艺术先驱具有国际艺术史分量，小型动态媒介作品也易于吸引游客并讲述科技、跨文化身份与当代艺术革新，但具体作品并非已知代表性巨作。,作为组内唯一对象，它以白南准这一影像艺术先驱的代表性媒介语言独占最高相对位置，并为PEM的东亚收藏补入韩国现当代艺术与全球媒介艺术的重要一环。,
45,American Federal mahogany sideboard,美国联邦时代桃花心木餐边柜,American Decorative Arts,Wood Furniture,object,新英格兰历史家具,3,6.6,7.1,6.6,6.3,7.1,0,7.3,5.4,6.8,6.630,6.758,B,B,,Core 6.758 落在 5.5–7.19,medium,这件比例严谨的塞勒姆地区联邦式餐边柜是合格以上的地方家具范例，能说明港口精英生活与木作消费，但外观和类型均较常规。,组内品质扎实但相对常规，作为联邦时代精制柜具与高斗柜的上层家具叙事有所重复，故独特性居末。,
46,Chippendale‑style Salem high‑boy chest,齐本德尔风格塞勒姆高斗柜,American Decorative Arts,Wood Furniture,object,新英格兰历史家具,3,7.0,7.5,7.4,7.1,7.4,0,8.1,7.9,8.3,8.080,7.368,B,A,变,Core 7.368 落在 7.2–8.49,medium,塞勒姆本地制作及丰富洛可可雕刻使高斗柜具有较强地域辨识度，既能展示殖民时代家具工艺，也比普通储物家具更能支撑PEM的地方历史身份。,组内柜木工艺与地方代表性最强，以塞勒姆制作和洛可可雕饰成为精英家具传统的首要代表。,
47,"Paint‑decorated grandfather clock, New England folk",新英格兰民间彩绘落地大钟,American Decorative Arts,Painted Wood Furniture,object,新英格兰历史家具,3,7.1,6.9,7.7,7.7,7.6,0,7.8,9.0,8.5,8.300,7.425,A,A,,Core 7.425 落在 7.2–8.49,medium,高大的钟体与鲜艳民间彩绘带来明显视觉吸引力，并能有效讲述新英格兰乡土审美、家庭计时和地方工艺传统。,组内形制与审美最独特，以彩绘钟具和民间艺术面貌区别于两件桃花心木柜具，并补足新英格兰乡土叙事。,
48,Paul Revere silver creamer sugar bowl pair,保罗·里维尔银奶壶糖碗成对,American Decorative Arts,Silver Metalwork,object,美国殖民与联邦时期银器,1,8.1,6.9,6.9,7.5,8.1,0,8.2,8.8,7.8,8.300,7.550,A,A,,Core 7.550 落在 7.2–8.49,medium,保罗·里维尔署名银器具有国家级人物与美国银匠史价值，适于阐释革命时代的新英格兰工艺和消费文化，但这对小型器皿并非其最宏伟作品，也不是PEM核心身份的支柱。,作为组内唯一对象，这套署名保罗·里维尔的成对日用银器以名家地位和完整组合居于首位，虽非其最宏伟器型，却有效补足PEM对马萨诸塞殖民时期工艺与社会生活的叙事。,
49,Samuel McIntire carved sheaf‑of‑wheat motif fragment,麦金太尔雕刻麦穗装饰构件残件,Gardner‑Pingree House,Wood Fragment,object,塞勒姆建筑木雕构件,1,5.4,6.6,4.6,4.9,6.4,0,7.2,8.3,7.5,7.590,5.874,A,B,变,Core 5.874 落在 5.5–7.19,low,麦金太尔与塞勒姆联邦时期建筑传统关系紧密，但该件作为脱离原位的装饰残件，完整性、视觉冲击和单件不可替代性均有限。,组内唯一且为麦金太尔麦穗母题建筑木雕，虽因残件状态限制品质上限，仍以鲜明的塞勒姆地方工艺与繁荣寓意补足本馆城市建筑叙事。,
50,Winslow Homer small watercolor coastal study,温斯洛·霍默小幅海岸水彩习作,American Art Gallery,Watercolor on Paper,object,美国海事水彩画,1,6.9,6.8,6.1,6.5,6.7,0,7.8,8.5,7.6,7.970,6.772,A,B,变,Core 6.772 落在 5.5–7.19,low,霍默的海岸水彩兼具美国艺术史地位与PEM海事主题关联，但小幅习作的现场冲击和单件代表性受到限制。,作为组内唯一对象，这件霍默海岸水彩以名家水准和海事题材获得最高且偏高的D，并能补充PEM海洋叙事中的美国艺术视角，但小幅习作的典范性有限。,
51,John Trumbull preparatory sketch for revolution scene,约翰·特朗布尔独立战争构图草稿,American Art Gallery,Oil Sketch,object,美国历史题材油画与习作,1,6.7,5.7,5.7,5.9,7.3,0,7.5,8.3,6.6,7.560,6.356,B,B,,Core 6.356 落在 5.5–7.19,low,特朗布尔及其革命历史画具有重要国家叙事价值，构图草稿也能解释创作过程，但它并非PEM最具辨识度的收藏方向。,组内唯一对象，作为特朗布尔独立战争历史画的创作草稿兼具较高典范性与非重复性，并为PEM非核心但必要的美国建国叙事补位。,
52,Martin Johnson Heade hummingbird small study,马丁·约翰逊·希德蜂鸟小稿,American Art Gallery,Oil Painting,object,美国花卉与自然题材油画,2,6.4,5.6,6.6,6.9,6.0,0,7.2,6.7,6.4,6.890,6.294,B,B,,Core 6.294 落在 5.5–7.19,low,希德的蜂鸟题材具有鲜明辨识度和亲和力，但描述明确将其界定为小幅次要习作，在PEM语境中的不可替代性不高。,组内居次，其蜂鸟与花卉题材虽是希德的标志性母题并补充十九世纪自然主义，但小稿属性与典范程度弱于欧姬芙作品。,
53,Georgia O’Keeffe small floral painting,乔治亚·欧姬芙花卉小幅作品,American Art Gallery,Oil Painting,object,美国花卉与自然题材油画,2,7.2,5.9,7.1,7.4,6.6,0,8.1,8.4,7.2,8.010,6.881,B,B,,Core 6.881 落在 5.5–7.19,low,欧姬芙花卉作品凭借艺术家地位和易识别的现代主义语言具有较强吸引力，但小幅作品并非PEM核心身份藏品。,组内居首，花卉是欧姬芙最具辨识度的主题，虽尺幅 modest，仍以现代主义语言显著区别于希德并补足美国艺术叙事。,
54,Sam Maloof walnut rocking chair,萨姆·马卢夫胡桃木摇椅,American Decorative Arts,Wood Furniture,object,美国现代工艺家具,2,7.6,6.3,7.7,7.7,7.4,0,8.8,9.0,7.0,8.500,7.365,A,A,,Core 7.365 落在 7.2–8.49,medium,马卢夫摇椅是美国战后工作室家具的代表性设计，流线造型、胡桃木材质和手工榫接兼具视觉魅力与工艺教育价值。,组内居首，摇椅是马卢夫家具语言与手工榫接技艺的典范，较边凳更具代表性，亦能有效补充美国现代工艺叙事。,
55,J.O.J. Frost folk painting of Salem harbor,J.O.J.弗罗斯特塞勒姆港民间绘画,American Art Gallery,Oil Painting,object,塞勒姆地方民间绘画,1,6.4,7.7,6.4,7.0,7.8,0,7.8,8.8,9.0,8.340,7.219,A,A,,Core 7.219 落在 7.2–8.49,medium,弗罗斯特以民间绘画保存旧塞勒姆的地方记忆，港口题材又直接连接PEM的城市史与海事身份，馆内语境价值明显高于其全国知名度。,作为组内唯一对象，它以民间记忆绘画呈现老塞勒姆港，在品质上较具代表性，并独特补足了PEM远洋贸易叙事中的地方民众视角。,
56,Salem witch‑trial period court document manuscript,塞勒姆猎巫审判时代法庭原始手稿,Phillips Library Display Case,Manuscript Paper,object,塞勒姆历史手稿文献,1,6.9,7.4,4.8,6.5,8.0,0,8.7,9.2,9.3,8.970,7.022,A,B,变,Core 7.022 落在 5.5–7.19,low,同期法庭原始手稿具有一手史料价值并强化PEM与塞勒姆历史的联系，但现有描述未证明它直接属于某一猎巫审判案件，且纸本文献视觉冲击有限。,作为组内唯一的塞勒姆猎巫审判时代法庭原始手稿，其一手史料性使其独特性居本组首位，并补足PEM除海贸主线外不可替代的塞勒姆地方历史叙事。,
57,Chinese export lacquer gaming table,中国外销漆木游戏桌,Asian Export Art Gallery,Lacquered Wood Furniture,object,亚洲外销家具,3,7.1,8.2,7.5,7.3,8.2,0,8.0,7.4,9.2,8.060,7.726,A,A,,Core 7.726 落在 7.2–8.49,medium,为美国商人家庭制作的广州外销漆木游戏桌，将中国工艺、西方娱乐方式和塞勒姆远洋贸易叙事直接结合，是PEM核心收藏方向的强代表。,组内它与塞勒姆美国商户生活的联系最直接、叙事补位居首，但与58同属外销漆木家具，独特性居中。,
58,Japanese export lacquer writing desk,日本外销漆木写字台,Asian Export Art Gallery,Lacquered Wood Furniture,object,亚洲外销家具,3,7.2,8.0,7.4,7.3,8.3,0,7.8,6.6,8.4,7.560,7.646,A,A,,Core 7.646 落在 7.2–8.49,medium,江户时代漆木写字台对西式书写用具的适配清楚体现跨文化设计与消费需求，和PEM亚洲外销艺术身份高度契合。,组内它以日本江户漆艺及适配西式书写的设计形成补充，但与57在材质和跨文化改制主题上重复最多，故D最低。,
59,Indian Vizagapatam ivory‑inlaid cabinet,印度维扎加帕塔姆嵌象牙柜子,Asian Export Art Gallery,Inlaid Wood Furniture,object,亚洲外销家具,3,7.5,8.1,8.0,7.8,8.4,0,8.4,9.0,8.9,8.680,8.023,A,A,,Core 8.023 落在 7.2–8.49,medium,十八世纪维扎加帕塔姆嵌象牙柜兼具精细装饰、英印混合风格与外销贸易背景，能有力扩展PEM海上贸易叙事的全球范围。,组内它是唯一的英属印度嵌象牙家具，以迥异的产地、材质和盎格鲁—印度风格位居品质与独特性首位。,
60,Korean Joseon textile official rank badge,朝鲜时代官阶补子,Korean Art Gallery,Embroidery Textile,object,朝鲜王朝服饰刺绣,2,6.8,7.4,6.7,6.7,7.9,0,7.6,8.3,7.5,7.790,7.184,B,B,,Core 7.184 落在 5.5–7.19,high,这件有明确十九世纪编目和1899年捐赠记录的丝绣官阶补子，既能解释朝鲜王朝官僚等级与服饰符号，也体现PEM韩国收藏的早期形成史。,组内居首，保存完好且材质、年代与官服制度信息明确，是两件中最能代表朝鲜王朝官阶补子的完整典范。,
61,Hawaiian feather cape fragment,夏威夷羽毛斗篷残片,Oceanic Gallery,Feather‑Textile Fragment,object,大洋洲羽毛与纤维艺术,1,6.5,6.5,4.5,5.5,7,0,7.5,9.0,8.5,8.150,6.290,A,B,变,Core 6.290 落在 5.5–7.19,medium,夏威夷贵族羽毛斗篷承载等级、权力与稀缺工艺传统，也契合PEM的大洋洲收藏核心，但残片状态显著限制视觉完整性和单件不可替代性。,组内唯一对象，以稀存的夏威夷贵族羽毛斗篷材料独占代表位，虽为残片而非完整斗篷，仍能为PEM核心大洋洲叙事补上等级制度与羽毛工艺的重要一环。,
62,Marquesan carved ceremonial adze,马克萨斯仪式石锛,Oceanic Gallery,Stone‑Wood Tool,object,大洋洲仪式木雕,7,7,7.5,7,7,7.5,0,7.4,7.9,7.8,7.630,7.263,A,A,,Core 7.263 落在 7.2–8.49,medium,石刃与雕刻木柄结合的马克萨斯仪式锛兼具技术、权威和宗教含义，是PEM核心大洋洲收藏中较有代表性的礼仪器物。,组内第三，石刃与雕柄结合的仪式锛在一组以人像、面具为主的对象中类型独特，承担工艺与仪式工具叙事。,
63,Tonga carved wooden drinking bowl,汤加雕花祭祀木酒碗,Oceanic Gallery,Carved Wood Vessel,object,大洋洲仪式木雕,7,6.5,7,6,6.5,7.5,0,6.9,7.3,7.9,7.220,6.772,B,B,,Core 6.772 落在 5.5–7.19,medium,汤加卡瓦仪式木碗能够清楚解释波利尼西亚的礼仪、社会秩序与共享饮用传统，但作为常见器型，其视觉和单件稀缺性相对有限。,组内第四，汤加卡瓦仪式器皿虽艺术品质中等，却以独有的宴饮礼制题材补充了其他木雕没有的社会仪式环节。,
64,"New Britain mask, Melanesia",新不列颠美拉尼西亚仪式面具,Oceanic Gallery,Painted Wood Mask,object,大洋洲仪式木雕,7,7.5,8.5,8,8,8,0,8.2,8.4,8.7,8.360,8.061,A,A,,Core 8.061 落在 7.2–8.49,medium,新不列颠精神面具具有强烈造型感染力，而其与19世纪初塞勒姆航海采集的联系同时贯通PEM的大洋洲收藏和远洋贸易起源。,组内第二，强烈完整的美拉尼西亚面具是库神像之外最具视觉代表性的仪式形象，并有效补足区域叙事。,
65,19‑century Chinese export reverse‑glass painting,中国外销玻璃背面画,Asian Export Art Gallery,Reverse Glass Painting,object,中国外销玻璃画,1,6.5,8,6.5,7,8,0,7.2,8.8,8.5,7.940,7.319,B,A,变,Core 7.319 落在 7.2–8.49,medium,清代外销玻璃背画体现中国工匠对西方媒介、肖像趣味及美国市场的回应，是PEM亚洲外销艺术身份中很有解释力的典型门类。,组内唯一的中国外销玻璃背画，虽暂无证据表明其为顶级名作，但其特殊媒材与美国市场肖像题材能鲜明补足PEM的中美海贸及亚洲外销艺术叙事。,
66,Chinese export ivory puzzle ball,中国外销象牙套球,Asian Export Art Gallery,Carved Ivory,object,中国外销象牙雕,1,6.5,8,7.5,8,7.5,0,7.6,8.6,8.5,8.080,7.558,B,A,变,Core 7.558 落在 7.2–8.49,medium,广州多层象牙套球以复杂镂雕和机械般的嵌套结构吸引观众，并直接代表PEM核心的中国外销奇巧工艺收藏。,组内唯一的中国外销象牙雕，以广州多层套球这一典型奇巧器形居于本组首位，并能有力补充PEM关于外销工艺与跨洋贸易的核心叙事。,
67,Edo period samurai yoroi partial armor set,江户武士盔甲套件残套,Japanese Art Gallery,Armor Mixed‑Media,object,日本武具,2,6.5,6.5,7,7.5,7.5,0,6.8,5.8,7.4,6.620,6.887,A,B,变,Core 6.887 落在 5.5–7.19,medium,江户甲胄的漆艺、金属配件和武士身份象征具有良好展示与教育价值，但残套状态及缺少特殊归属信息削弱其完整性和本馆不可替代性。,组内次位，江户甲胄残套虽能补充头盔之外的整体武士装备形态，但因残缺且与前者共享甲胄叙事，独特性明显递减。,
68,Japanese ceramic tea‑ceremony bowl (chawan),日本茶道茶碗,Japanese Art Gallery,Glazed Ceramic,object,日本茶道陶瓷,1,6.5,6.5,6,6,7.5,0,7.2,8.5,7.5,7.650,6.615,B,B,,Core 6.615 落在 5.5–7.19,medium,江户茶碗可有效讲述茶道审美、礼法和器物使用传统，但未见名窑、名工或特殊传承信息，现场冲击力通常较为内敛。,作为组内唯一的日本茶道陶瓷，它以品质良好的江户时代茶碗独占代表位，虽非已知名窑名家重器，仍能有效补足日本茶文化叙事。,
69,"Indian miniature painting, Rajput hunting scene",拉杰普特细密画狩猎图,Asian Export Art Gallery,Opaque Watercolor on Paper,object,南亚宫廷细密画,1,6.5,5,6.5,6.5,7,0,6.8,8.2,7.0,7.260,6.276,B,B,,Core 6.276 落在 5.5–7.19,medium,拉杰普特狩猎图能够呈现印度宫廷生活、权力表演与细密画技法，但该门类并非PEM最具辨识度的收藏核心，且作品缺少年代、画派和归属细节。,作为组内唯一的南亚宫廷细密画，它以典型拉杰普特狩猎题材获得较高独特性，并为PEM以东亚及外销艺术为主的亚洲叙事补入印度宫廷艺术一环。,
70,Persian Qajar painted tile panel,卡扎尔波斯彩绘瓷砖板,Islamic‑Asian Gallery,Glazed Ceramic Tile,object,伊朗釉陶与建筑陶砖,1,6.5,5,7,7,7,0,6.5,8.5,7.0,7.200,6.420,B,B,,Core 6.420 落在 5.5–7.19,medium,卡扎尔具象彩绘陶砖具有鲜明色彩和建筑装饰感，可解释近代伊朗视觉文化，但伊斯兰陶瓷并非PEM身份核心，单件代表性信息也有限。,作为组内唯一对象，其具象彩绘兼具卡扎尔釉陶的时代代表性并独占较高D，同时为以东亚和外销艺术见长的PEM补入波斯建筑装饰陶艺一环。,
71,Nantucket whaling‑scene scrimshaw whalebone,楠塔基特捕鲸主题骨雕scrimshaw,Maritime Gallery,Engraved Whalebone,object,美国捕鲸骨雕,1,6.5,8,6.5,7.5,8.5,0,7.5,8.5,9.0,8.100,7.485,A,A,,Core 7.485 落在 7.2–8.49,medium,楠塔基特捕鲸骨雕是新英格兰海洋经济和船员手工文化的标志性物证，与PEM的区域海事身份高度契合，并可引出捕鲸业及动物资源利用的复杂历史。,作为组内唯一对象，它以鲸骨刻画楠塔基特捕鲸场景，独特性居本组首位且高度补合PEM以新英格兰远洋贸易和海事文化为核心的叙事，但现有信息不足以证明其为骨雕中的顶级名作。,
72,Ship‑model of Salem trading brig “Cleopatra”,塞勒姆双桅商船《克娄巴特拉》船模,Maritime Gallery,Wood Ship‑Model,object,塞勒姆商船船模,1,7.5,8.5,8,8,8.5,0,8.3,9.0,9.4,8.730,8.173,A,A,,Core 8.173 落在 7.2–8.49,medium,塞勒姆商船《克娄巴特拉》船模以直观而完整的船体结构串联本地航海、国际贸易与博物馆创立背景，是PEM海事叙事中高度契合身份的对象。,组内唯一对象，以具名塞勒姆商船的历史船模直接呈现本地远洋贸易，独特性偏高且对PEM核心海事叙事具有关键补位价值。,
73,18th‑century American whale‑oil lamp,18世纪美式鲸油灯,American Decorative Arts,Metal‑Glass Household Object,object,新英格兰海事生活器物,1,6.1,6.3,5.1,5.8,7.1,0,6.8,8.5,8.4,7.630,6.258,B,B,,Core 6.258 落在 5.5–7.19,medium,18世纪鲸油灯能具体说明新英格兰捕鲸经济、照明技术与家庭生活的联系，契合PEM海事叙事，但作为常见日用器类型仍有较强可替代性。,作为组内唯一对象，它以典型的新英格兰鲸油照明器具独占较高D，并为PEM的远洋贸易与海事叙事补入岸上家庭日常生活的一环。,
74,Felix Beato photograph of Chinese city gate,费利斯·比托中国城门原版照片,Photography Gallery,Albumen Photograph,object,19世纪中国早期摄影,2,7.5,7.2,6.4,6.8,8.0,0,8.3,7.2,7.6,7.830,7.263,A,A,,Core 7.263 落在 7.2–8.49,medium,比托是早期亚洲摄影的重要先驱，这幅罕见的19世纪60年代中国城门蛋白照片兼具建筑记录、摄影史与中西接触史价值，并与PEM的东亚收藏相呼应。,组内居次，比托的早期中国建筑影像历史分量很高，但城门题材对PEM远洋贸易与社会生活叙事的补位不及广州街景直接。,
75,John Thomson photograph of Canton street scene,约翰·汤姆森广州街景原版照片,Photography Gallery,Albumen Photograph,object,19世纪中国早期摄影,2,7.6,7.3,6.8,7.0,8.4,0,8.7,8.8,9.0,8.790,7.554,A,A,,Core 7.554 落在 7.2–8.49,medium,汤姆森的中国摄影是19世纪社会纪实的重要成果，广州街景对理解通商口岸城市空间与普通人的日常生活尤其具有叙事价值。,组内居首，汤姆森的广州日常街景兼具早期中国纪实摄影的典范性，并最直接连接PEM的广州贸易与东亚交流叙事。,
76,Salem sampler needlework girl’s schoolwork,塞勒姆少女刺绣样本,American Decorative Arts,Needlework Textile,object,新英格兰刺绣样本,2,6.2,6.5,5.8,6.1,7.3,0,6.9,5.6,5.9,6.310,6.376,B,B,,Core 6.376 落在 5.5–7.19,medium,这件联邦时期塞勒姆少女刺绣样本可呈现地方女性教育、书写训练与家庭手工文化，地方关联明确，但同类样本在新英格兰收藏中并非不可替代。,组内两件题材高度重合，本件虽是精良的塞勒姆联邦时期女学生作品，但因缺少确切纪年与纹样信息，代表性次于1792年样本。,
77,Hawaiian wooden surfboard fragment,夏威夷古冲浪板残件,Oceanic Gallery,Carved Wood Fragment,object,波利尼西亚传统木制器物,1,7.8,7.9,4.9,7.4,8.2,0,8.1,9.2,8.7,8.550,7.465,A,A,,Core 7.465 落在 7.2–8.49,medium,前现代夏威夷冲浪器物实物较为罕见，能连接波利尼西亚社会身份、海洋知识与冲浪传统，且高度契合PEM的大洋洲收藏核心，不过残件状态明显削弱视觉完整性。,组内唯一对象，以前现代夏威夷冲浪文化这一鲜明器物类型居首且无重复，虽为残件略损品质，却能为PEM的大洋洲叙事补上独特一环。,
78,Samoan fine woven ceremonial mat,萨摩亚仪式编织席,Oceanic Gallery,Plant‑Fiber Textile,object,大洋洲植物纤维仪式织物,1,7.9,7.6,6.5,6.9,8.4,0,8.6,9.0,8.7,8.740,7.624,B,A,变,Core 7.624 落在 7.2–8.49,medium,萨摩亚高级仪式席不仅体现精细编织工艺，更是等级、亲属关系、礼物交换和仪式权威的重要载体，在PEM大洋洲叙事中具有较强代表性。,作为组内唯一对象，它以高等级礼仪赠席代表萨摩亚精细编织与仪式交换传统，独特性居组内首位，并补强PEM核心大洋洲叙事中的植物纤维礼仪文化。,
79,Joseon dynasty brass temple bell fragment,朝鲜王朝铜钟残件,Korean Art Gallery,Cast Brass,object,韩国佛教金属器,1,5.9,5.9,5.5,5.5,6.6,0,6.1,8.5,7.3,7.060,6.001,B,B,,Core 6.001 落在 5.5–7.19,medium,朝鲜王朝寺院钟饰片可说明佛教铸造工艺和寺院声响文化，但残片缺少完整钟体的尺度、音响与仪式现场感，单件辨识度有限。,作为组内唯一的韩国佛教金属器，其朝鲜晚期寺院铜钟形制具有较高独特性并补充韩国宗教工艺叙事，但残件状态限制了典范性与品质上限。,
80,American folk carved weather‑vane figure,美国民间雕刻风向标人像,American Decorative Arts,Painted Wood Folk Sculpture,object,新英格兰民间木雕,1,6.2,6.4,6.5,6.9,6.6,0,6.8,8.2,6.9,7.240,6.564,B,B,,Core 6.564 落在 5.5–7.19,medium,彩绘木雕风向标人像体现新英格兰乡土造型、建筑装饰与天气观察传统，形象生动易于观赏，但在PEM身份中的作用不及海事或亚洲核心藏品。,作为组内唯一对象，它以彩绘人像式风向标独占新英格兰乡土木雕位置，D偏高，并为PEM的地方民俗叙事提供补位，但并非全馆核心门类。,
81,"Fitz Henry Lane, Small Coastal Sketch",菲茨·亨利·莱恩：海岸小稿,American Art Gallery,Oil Sketch,object,美国海事风景画,1,6.7,6.7,5.9,6.2,6.7,0,7.2,8.2,8.6,7.780,6.613,B,B,,Core 6.613 落在 5.5–7.19,medium,莱恩是美国光主义与新英格兰海事风景的重要画家，主题与PEM高度契合，但这件小型准备性习作的完成度和独立艺术地位低于其成熟海景作品。,作为组内唯一的美国海事风景油画，莱恩的地域关联与海景画史地位使其独特性和海事叙事补位价值较高，但小幅习作性质令品质分低于其成熟代表作。,
82,"Robert Feke, Portrait of Gentleman",罗伯特·费克：绅士肖像,American Art Gallery,Oil Painting,object,美国殖民时期油画肖像,1,6.8,5.8,6.5,6.2,6.9,0,6.8,8.2,6.7,7.200,6.470,B,B,,Core 6.470 落在 5.5–7.19,medium,费克是美国殖民时期肖像画的重要代表之一，此作可有效呈现殖民精英形象与肖像惯例，但简介明确指出它属于其较次要作品，且美国主流绘画并非PEM最不可替代的领域。,组内唯一的殖民时期油画肖像，费克具备较好的早期美国艺术代表性，因无同类重复而获高D，但作品本身并非其顶尖之作，且对PEM核心海贸叙事仅属补充。,
83,"John Singleton Copley, Portrait Miniature",科普利：微型肖像,American Art Gallery,Miniature on Ivory,object,美国肖像细密画,1,7.4,6.3,6.2,6.8,7.3,0,8.2,8.8,6.7,8.080,6.908,B,B,,Core 6.908 落在 5.5–7.19,medium,科普利在美国殖民时期艺术史中地位突出，象牙微型肖像兼具名家意义、私人纪念功能与亲密观看体验，但小尺幅限制了现场视觉冲击。,作为组内唯一的美国象牙肖像细密画，科普利的名家品质与亲密小尺幅形式使其独特性居于组首，并为美国艺术叙事补入殖民时期细密肖像传统。,
84,"Childe Hassam, Flower Garden Study",柴尔德·哈萨姆：花园花卉习作,American Art Gallery,Oil Painting,object,美国印象派油画,1,6.8,5.7,7.0,7.0,6.4,0,7.2,8.5,6.6,7.470,6.592,B,B,,Core 6.592 落在 5.5–7.19,medium,哈萨姆是美国印象派的重要画家，花园题材色彩宜人且容易吸引普通观众，但作为次要花卉习作，其艺术史分量和对PEM馆藏身份的贡献均低于代表性海岸作品。,作为组内唯一的美国印象派油画，它独占类别位置而获高D；哈萨姆具有代表性，但花园习作并非其最典范题材，且对PEM核心海贸与亚洲叙事仅属中等补位。,
85,"Martin Johnson Heade, Small Bird‑and‑Blossom Study",马丁·约翰逊·希德：花鸟小幅习作,American Art Gallery,Oil Painting,object,美国花卉与植物题材绘画,3,6.5,4.8,6.2,6.2,5.8,0,6.8,6.1,5.8,6.390,5.869,B,B,,Core 5.869 落在 5.5–7.19,medium,希德在美国艺术史上地位稳固，但这件小幅花鸟习作并非其大型沼泽风景代表作，且美国主流绘画不是PEM最不可替代的馆藏核心。,组内排名第三，花鸟结合虽有辨识度，但小幅习作并非希德最具代表性的创作，且在自然观察功能上与布里奇斯作品有所重复。,
86,"Fidelia Bridges, Floral Watercolor",菲德莉娅·布里奇斯：花卉水彩,American Art Gallery,Watercolor on Paper,object,美国花卉与植物题材绘画,3,6.2,5.8,5.9,5.9,6.7,0,6.9,7.2,6.6,6.930,6.158,B,B,,Core 6.158 落在 5.5–7.19,medium,布里奇斯是塞勒姆出身的重要女性水彩画家，这件典型植物小品兼具地方联系与女性艺术史叙事，但视觉规模和单件稀缺性有限。,组内排名第二，纸本水彩及女性艺术家的植物研究视角形成明确区隔，但题材典范性与艺术史地位略逊于欧姬芙。,
87,"J.O.J. Frost, Fisherman’s Cottage Scene",J.O.J.弗罗斯特：渔夫小屋,American Art Gallery,Oil Painting,object,新英格兰地方民间绘画,1,6.2,6.9,5.8,6.2,7.2,0,7.3,8.8,8.7,8.030,6.648,B,B,,Core 6.648 落在 5.5–7.19,medium,弗罗斯特的民间记忆画直接连接塞勒姆地区的滨水日常与海事文化，虽非国家级艺术杰作，却与PEM的地域叙事高度契合。,组内唯一，虽非美国民间绘画的全国性巅峰之作，却以塞勒姆渔民日常的地方记忆独特补足PEM远洋贸易宏大叙事下的本土滨水生活。,
88,"Winslow Homer, Figure Sketch",温斯洛·霍默：人物速写,American Art Gallery,Charcoal on Paper,object,美国人物题材习作,2,5.7,4.4,4.7,4.8,5.8,0,6.4,4.5,4.4,5.430,5.078,B,C,变,Core 5.078 < 5.5,medium,霍默的名望赋予这张炭笔稿一定研究价值，但普通人物预备习作视觉完成度较低，在PEM也不承担关键身份功能。,组内居第二，虽出自霍默且能呈现纸本炭笔的创作过程，但作为一般人物习作，相较特朗布尔的革命时代油画肖像草稿重复性更高、叙事补位较弱。,
89,"John Trumbull, Portrait Study",约翰·特朗布尔：人物肖像草稿,American Art Gallery,Oil Sketch,object,美国人物题材习作,2,6.1,4.8,5.1,5.2,6.5,0,7.0,7.3,6.2,6.930,5.633,B,B,,Core 5.633 落在 5.5–7.19,medium,特朗布尔与美国革命历史绘画关系密切，使这件人物油画草稿具有过程和时代教育价值，但其未明确的对象与习作性质限制了单件重要性。,组内居第一，其油画草稿形式及革命时代人物背景比霍默的通用人物速写更具历史指向性，因而独特性与美国历史叙事补位价值更高。,
90,"Georgia O’Keeffe, Leaf Study",乔治亚·欧姬芙：叶片习作,American Art Gallery,Oil Painting,object,美国花卉与植物题材绘画,3,6.9,5.0,6.5,6.7,6.3,0,7.5,8.5,6.8,7.660,6.321,B,B,,Core 6.321 落在 5.5–7.19,medium,欧姬芙是美国现代艺术的一流人物，叶片有机形态也易于吸引游客，但这件小型习作弱于其标志性花卉杰作且并非PEM身份核心。,组内排名第一，以现代主义叶片造型区别于另外两件19世纪式自然研究，虽非欧姬芙代表性花卉杰作，仍最能拓展美国植物绘画的时代谱系。,
91,"Samuel McIntire, Door‑frame carving fragment",塞缪尔·麦金太尔：门框木雕残件,Gardner‑Pingree House,Wood Carving,object,塞勒姆联邦时期建筑木雕构件,2,5.9,6.7,5.2,5.0,6.7,0,7.8,7.8,7.6,7.760,6.166,B,B,,Core 6.166 落在 5.5–7.19,medium,麦金太尔的木雕与塞勒姆联邦时期建筑传统及Gardner-Pingree House语境紧密相连，但门框残件的完整性和独立视觉吸引力有限。,组内居首，其门框构件的完成度与建筑性更能综合代表麦金太尔工坊及塞勒姆联邦时期室内木雕传统。,
92,"Samuel McIntire, urn‑motif decorative trim",麦金太尔：瓮纹装饰木饰条,Gardner‑Pingree House,Wood Carving,object,塞勒姆联邦时期建筑木雕构件,2,5.8,6.6,5.6,5.3,6.6,0,7.3,6.4,6.9,6.950,6.130,B,B,,Core 6.130 落在 5.5–7.19,medium,瓮纹饰条能够清楚说明麦金太尔式新古典室内装饰语言并强化本地建筑叙事，但作为附属构件仍具有较高可替代性。,组内居次，瓮纹虽具典型的联邦时期古典装饰特征，但与门框残件叙事重合较多，主要补充具体纹样类型。,
93,"Paul Revere, Silver Teaspoon Set",保罗·里维尔：银茶匙成套,American Decorative Arts,Silver,object,新英格兰历史银器,2,6.9,5.8,5.5,6.0,6.8,0,7.8,6.0,7.0,7.100,6.285,B,B,,Core 6.285 落在 5.5–7.19,medium,带署名的里维尔银茶匙兼具著名制作者、革命时代联想与新英格兰工艺史价值，但平面餐具的体量和视觉冲击较弱。,组内工艺与历史名望略占优，且可连接茶饮和贸易叙事，但常见餐具形制使其独特性低于银盐罐。,
94,"Paul Revere, Silver Salt Cellar",保罗·里维尔：银盐罐,American Decorative Arts,Silver,object,新英格兰历史银器,2,6.7,5.7,5.8,5.9,6.6,0,7.5,8.0,6.2,7.390,6.249,B,B,,Core 6.249 落在 5.5–7.19,medium,里维尔署名使这件家用银盐罐具有明确的历史与工艺吸引力，但它体量小、用途普通，在PEM银器收藏中并非不可替代的核心。,组内以较少见的立体盐罐形制区别于成套扁平餐具，独特性居首，但对PEM核心贸易叙事的补位稍弱。,
95,Salem Federal‑era mahogany card table,塞勒姆联邦时代桃花心木牌桌,American Decorative Arts,Wood Furniture,object,新英格兰历史木家具,2,6.4,6.8,6.2,6.0,7.0,0,7.2,8.0,7.5,7.500,6.610,B,B,,Core 6.610 落在 5.5–7.19,medium,塞勒姆本地制作的联邦时期桃花心木牌桌能有效呈现当地财富、社交生活与家具工艺，因此在PEM语境中的价值高于一般古董家具。,组内居首，其塞勒姆本地制作属性、联邦时代典型形制及与城市历史的直接联系，使其代表性和叙事补位均强于烛台。,
96,Chippendale candle‑stand,齐本德尔式烛台,American Decorative Arts,Wood Furniture,object,新英格兰历史木家具,2,5.8,5.2,6.0,5.7,6.1,0,6.3,6.0,6.2,6.190,5.749,B,B,,Core 5.749 落在 5.5–7.19,medium,这件洛可可雕刻烛台可代表新英格兰齐本德尔式家具趣味，造型具有一定观赏性，但缺少重要制作者或明确塞勒姆关联而较易被替代。,组内居次，雕刻洛可可风格可补充联邦时代之前的新英格兰家具面貌，但作为常见齐本德尔式小型家具，其独特性弱于塞勒姆牌桌。,
97,Paint‑decorated blanket chest,彩绘储物箱,American Decorative Arts,Painted Wood Furniture,object,新英格兰民间彩绘木作,2,5.8,5.6,5.9,5.7,6.1,0,6.3,7.4,6.3,6.630,5.878,B,B,,Core 5.878 落在 5.5–7.19,medium,该箱是理解新英格兰民间家居与彩绘传统的合格实例，但设计较典型，在并非PEM核心强项的美国装饰艺术中可替代性较高。,组内更具代表性的一件，以完整彩绘家具形态呈现新英格兰民间家居传统，品质、独特性及对本地生活叙事的补位均高于鹰顶饰。,
98,"Samuel Maloof, small side stool",萨姆·马卢夫：小型边凳,American Decorative Arts,Wood Furniture,object,美国现代工艺家具,2,6.7,5.5,5.8,5.8,6.2,0,6.8,4.2,4.8,5.620,5.947,B,B,,Core 5.947 落在 5.5–7.19,medium,马卢夫是美国现代木工家具的重要代表，但这件小型边凳尺度和复杂度有限，且该门类并非PEM身份核心。,组内居次，边凳虽能体现马卢夫的胡桃木手工传统，但与摇椅同作者同材质且形制较次要，独特性和叙事补位均明显较弱。,
99,Tiffany favrile glass tumbler,蒂凡尼法夫赖尔玻璃杯,American Decorative Arts,Art Glass,object,美国艺术玻璃,1,6.6,5.5,6.5,6.4,5.9,0,7.0,8.5,5.5,7.150,6.230,B,B,,Core 6.230 落在 5.5–7.19,medium,法夫赖尔玻璃在美国艺术玻璃史上地位突出，虹彩表面具有直观吸引力，但小型杯具并非蒂凡尼作品中最具代表性或最不可替代的形态。,组内唯一的美国艺术玻璃代表，蒂凡尼法夫赖尔工艺具有典范性且补足美国装饰艺术门类，但小型日用器形限制了其品质层级与叙事权重。,
100,American brass and iron andiron pair,美式黄铜铁制壁炉柴架成对,American Decorative Arts,Brass‑Iron Metalwork,object,美国壁炉金工,1,5.2,5.0,5.0,4.9,5.8,0,5.4,7.2,4.8,5.820,5.227,C,C,,Core 5.227 < 5.5,medium,这对联邦时期柴架能够说明早期美国家庭炉边生活与实用金工，但作为常见功能性器具，艺术冲击和本馆不可替代性都较有限。,作为组内唯一对象，它独占美式联邦时期壁炉金工这一类型而获较高D，但器型较常见，品质与对PEM核心叙事的补位均属中等。,
101,"Salem girl’s needlework sampler, 1792",1792塞勒姆少女刺绣样本,American Decorative Arts,Needlework Textile,object,新英格兰刺绣样本,2,6.3,6.8,5.8,6.1,7.0,0,7.1,8.0,7.3,7.410,6.536,B,B,,Core 6.536 落在 5.5–7.19,medium,明确的1792年塞勒姆背景使其与PEM所在地历史紧密相连，并可有效讲述少女教育、女性劳动和地方家庭文化。,组内居首，1792年确切纪年及诗句、花卉纹样使其成为更具辨识度的塞勒姆女性教育与地方生活见证。,
102,Folk carved wooden eagle finial,民间木雕鹰顶饰,American Decorative Arts,Painted Wood,object,新英格兰民间彩绘木作,2,4.9,4.7,5.2,5.2,5.3,0,5.2,5.3,5.4,5.270,5.037,B,C,变,Core 5.037 < 5.5,medium,鹰形顶饰具有易识别的美国民间装饰意象，但体量小、题材常见且缺乏特殊出处，属于较容易替代的辅助性展品。,组内居次，鹰形顶饰虽能补充新英格兰民间雕饰与象征图像，但体量较小且母题常见，代表性和非重复性弱于彩绘储物箱。,
103,Chinese Canton export rose medallion plate,广彩徽章纹外销盘,Asian Export Art Gallery,Porcelain,object,中国外销瓷,3,6.0,6.5,6.3,6.1,6.6,0,6.3,4.5,5.8,5.660,6.241,B,B,,Core 6.241 落在 5.5–7.19,medium,广彩徽章纹盘是欧美市场中国外销瓷的典型形态，契合PEM的核心收藏叙事，但标准化纹样使单件不可替代性有限。,组内位列第三，虽可代表美国市场常见的广彩玫瑰徽章纹样，但单件标准盘与同组器物重复度最高，独特性和叙事补位均较弱。,
104,Chinese Canton export porcelain teacup saucer group,广彩茶杯杯托组,Asian Export Art Gallery,Porcelain,object,中国外销瓷,3,6.1,6.6,6.4,6.3,6.8,0,6.6,6.5,7.3,6.710,6.466,B,B,,Core 6.466 落在 5.5–7.19,medium,成组茶杯与杯托比单件器皿更完整地呈现广州外销生产、茶饮消费和跨洋贸易，虽属常规类型但与PEM核心身份高度相符。,组内位列第二，成组茶杯杯托比单件标准外销盘更能呈现外销瓷的日常饮茶与成套消费情境，但典范性仍不及大潘趣碗。,
105,"Chinese export silver spoon set, Forbes collection",福布斯藏中国外销银勺套件,Asian Export Art Gallery,Silver Metalwork,object,中国外销银器,1,6.4,7.1,6.0,5.9,6.9,0,7.2,8.0,8.2,7.640,6.639,B,B,,Core 6.639 落在 5.5–7.19,medium,福布斯中国贸易收藏背景及广州外销银器属性使其与PEM的远洋贸易研究传统关系密切，但银勺套件本身视觉尺度较小。,作为组内唯一的中国外销银器，其工艺与历史地位属良好而非顶级，但能以银质餐具独立补足PEM亚洲外销艺术及中美贸易物质文化叙事。,
106,Chinese export lacquer sewing box,中国外销漆木针线盒,Asian Export Art Gallery,Lacquered Wood,object,中国外销漆器,1,6.3,6.8,6.7,6.6,6.9,0,7.2,8.5,8.7,7.890,6.779,B,B,,Core 6.779 落在 5.5–7.19,medium,为西方女性市场制作的漆木针线盒兼具精细装饰与跨文化消费史信息，是PEM亚洲外销艺术叙事中较有吸引力的典型器物。,作为组内唯一的中国外销漆器，其面向西方女性日用需求的针线盒形态独特性较高，并能有力补充PEM以跨洋贸易和亚洲外销艺术为核心的叙事。,
107,Chinese export gouache insect‑and‑flower album leaf,外销水粉花鸟册页,Asian Export Art Gallery,Gouache on Paper,object,中国外销水粉画,1,6.0,6.5,6.3,6.1,6.4,0,6.4,8.0,7.4,7.080,6.353,B,B,,Core 6.353 落在 5.5–7.19,medium,花虫水粉册页体现广州外销绘画的细密技法和西方市场趣味，符合本馆核心方向，但作为典型装饰性册页仍有一定可替代性。,作为组内唯一的中国外销水粉画，它虽属典型装饰性花鸟册页、品质并非顶尖，却以媒材与题材的唯一性较好补足了PEM亚洲外销艺术叙事。,
108,Chinese reverse glass portrait of merchant’s wife,外销玻璃背画商人夫人像,Asian Export Art Gallery,Reverse Glass Painting,object,中国外销玻璃背画,1,6.3,6.8,6.7,6.5,6.9,0,6.3,8.2,8.4,7.290,6.704,B,B,,Core 6.704 落在 5.5–7.19,medium,商人夫人肖像以玻璃背画这种跨文化媒介连接广州作坊、西方委托人与贸易社会，叙事和材质吸引力较强，但作品质量仅属标准水准。,组内唯一的中国外销玻璃背画，虽品质属标准水平，但以独特媒材和外销肖像类型为PEM核心的亚洲外销艺术叙事补位。,
109,Chinese ivory export figurine of lady,外销象牙仕女摆件,Asian Export Art Gallery,Carved Ivory,object,亚洲外销象牙雕,4,5.2,5.8,5.7,5.9,6.2,0,6.1,4.8,6.5,5.790,5.739,B,B,,Core 5.739 落在 5.5–7.19,low,广州外销仕女象牙雕能够呈现中国口岸工艺与海外消费趣味，但形制常见且缺乏年代、作者或特殊来源信息，单件可替代性较高。,组内属于较常见的广作外销仕女类型，品质居第三且与其他中国外销象牙题材重复度最高，因而D最低。,
110,Chinese ivory puzzle ball small size,小型外销象牙套球,Asian Export Art Gallery,Carved Ivory,object,亚洲外销象牙雕,4,5.8,6.3,6.6,7.1,6.6,0,7.8,9.0,8.2,8.240,6.604,B,B,,Core 6.604 落在 5.5–7.19,medium,多层象牙套球是辨识度很高的中国外销奇巧工艺，技术结构对普通游客也有吸引力，但小型且属流行商品类型，尚非不可替代的杰作。,组内品质与典范性第一，多层套球的结构技法最鲜明且最能代表中国外销象牙奇巧，故D最高。,
111,Anglo‑Indian sandalwood casket,英印檀香木首饰盒,Asian Export Art Gallery,Inlaid Wood,object,印度外销镶嵌木作,2,5.2,5.7,5.0,5.2,6.2,0,5.8,4.6,6.5,5.580,5.483,B,C,变,Core 5.483 < 5.5,medium,英印檀香木盒可说明印度材料与欧洲市场需求的结合，但体量小、镶嵌不完整且未见突出工艺或出处，主要承担辅助叙事作用。,组内居次，其檀香木材质仍有英印外销特色，但小型首饰盒与局部镶嵌的辨识度和叙事补位均弱于维扎加帕塔姆文具盒。,
112,Indian Vizagapatam small writing box,印度维扎加帕塔姆嵌象牙小文具盒,Asian Export Art Gallery,Inlaid Wood,object,印度外销镶嵌木作,2,6.0,6.3,6.0,6.1,6.8,0,7.2,8.3,8.4,7.770,6.387,B,B,,Core 6.387 落在 5.5–7.19,medium,维扎加帕塔姆嵌象牙文具盒是较有代表性的英属印度外销奢侈木作，其功能、材料和英国客户取向能有效解释殖民贸易中的跨文化设计。,组内居首，维扎加帕塔姆产地传统、象牙镶嵌与英式文具盒功能结合更鲜明，是两件中更具典范性且最能强化PEM亚洲外销艺术叙事者。,
113,Mughal ivory small animal group,莫卧儿象牙小动物群雕,Asian Export Art Gallery,Carved Ivory,object,亚洲外销象牙雕,4,4.9,5.4,5.2,5.4,5.8,0,5.5,6.6,7.2,6.170,5.407,C,C,,Core 5.407 < 5.5,low,这件小型动物群雕具有莫卧儿工艺与海外贸易背景，但简介明确将其定位为次要装饰品，且缺少年代、出处和工艺等级等支持。,组内品质层级最低且只是小型装饰群雕，但其莫卧儿印度来源区别于两件中国作品，D居第三并补充南亚叙事。,
114,Mughal miniature portrait of court attendant,莫卧儿细密画宫廷侍从,Asian Export Art Gallery,Opaque Watercolor on Paper,object,印度纸本细密画,2,6.3,5.7,5.8,5.7,6.7,0,6.3,7.6,6.6,6.750,6.090,B,B,,Core 6.090 落在 5.5–7.19,medium,宫廷侍从题材的莫卧儿细密画有助于讲解宫廷等级、服饰与绘画传统，但作品仅属技法合格的次等题材，在PEM外销艺术身份中的核心性有限。,组内居首，其莫卧儿宫廷人物题材比拉杰普特风景更能代表印度细密画的经典宫廷传统，且补充了馆内亚洲艺术的帝国叙事。,
115,Rajput landscape miniature,拉杰普特风景细密画,Asian Export Art Gallery,Opaque Watercolor on Paper,object,印度纸本细密画,2,5.8,5.3,5.9,5.8,6.2,0,5.8,6.7,6.2,6.150,5.785,B,B,,Core 5.785 落在 5.5–7.19,medium,拉杰普特风景细密画具有区域画派的审美和教学价值，但非王室题材且未显示名家、重要系列或特殊贸易来源，属于良好的补充性作品。,组内居次，拉杰普特地域画派与非宫廷风景题材形成一定差异，但典范性和叙事核心度均略逊于莫卧儿宫廷人物画。,
116,Sinhalese carved ivory hair ornament,斯里兰卡象牙发饰,Asian Export Art Gallery,Carved Ivory,object,亚洲外销象牙雕,4,5.7,6.7,5.9,6.0,7.0,0,6.9,8.1,8.8,7.640,6.414,B,B,,Core 6.414 落在 5.5–7.19,medium,斯里兰卡象牙发饰虽体量较小，却兼具个人装饰、地方雕刻与塞勒姆远洋贸易采集背景，因而与PEM的创馆历史和跨洋网络联系较紧密。,组内品质居第二，斯里兰卡个人发饰的地域与用途均较少重复，D仅次于套球且对塞勒姆远洋贸易叙事的补位价值最高。,
117,Japanese Arita blue‑and‑white small vase,有田烧青花小瓶,Asian Export Art Gallery,Porcelain,object,日本外销瓷器,2,5.7,6.0,5.7,5.7,6.3,0,6.4,5.4,6.8,6.180,5.913,B,B,,Core 5.913 落在 5.5–7.19,medium,有田青花小瓶能清楚展示日本瓷器针对欧洲市场调整器形的过程，但其标准化形制与小体量使视觉冲击和单件不可替代性有限。,组内居次，其器形规整且能说明欧洲市场取向，但青花与常见外销瓷较为雷同，独特性弱于伊万里盖碗。,
118,Japanese Imari covered bowl,伊万里烧盖碗,Asian Export Art Gallery,Porcelain,object,日本外销瓷器,2,6.0,6.2,6.3,6.3,6.5,0,7.1,8.0,8.0,7.550,6.370,B,B,,Core 6.370 落在 5.5–7.19,medium,经典伊万里色彩与西式宴饮用途使这件盖碗较具辨识度，可直观说明日本瓷器的外销审美，但目前未见稀有年代、窑口或显赫来源。,组内居首，典型伊万里配色与带盖服务器形更鲜明地代表日本外销瓷，并强化PEM亚洲外销艺术叙事。,
119,Japanese lacquer export small cabinet drawer unit,日本外销漆木小斗柜,Asian Export Art Gallery,Lacquered Wood,object,日本外销漆器,2,6.4,6.7,6.6,6.6,7.1,0,7.4,8.3,8.1,7.810,6.781,B,B,,Core 6.781 落在 5.5–7.19,medium,这件受南蛮风格影响、为西方室内设计的小斗柜在形制与装饰上集中体现跨文化适配，较能代表PEM核心的亚洲外销艺术叙事。,组内居首，其南蛮风格小斗柜形制更鲜明地体现日本漆艺适应西方室内陈设的外销转化，代表性与叙事补位均强于文具盒。,
120,Japanese export lacquer writing box,日本外销漆文具盒,Asian Export Art Gallery,Lacquered Wood,object,日本外销漆器,2,6.0,6.3,6.0,6.0,6.7,0,6.7,6.4,7.0,6.670,6.247,B,B,,Core 6.247 落在 5.5–7.19,medium,江户时代外销漆文具盒把日本漆艺与西方文具收纳需求结合起来，具有清晰的贸易史教学价值，但常见盒式形制令单件代表性低于小斗柜。,组内居次，江户时代外销文具盒仍能补充西式文房用途，但与小斗柜相比形制和跨文化表达较常规，独特性相应下调。,
121,"Netsuke rat, signed Edo work",江户签名根付老鼠,Japanese Art Gallery,Carved Ivory,object,日本根付,3,6.1,5.8,6.4,6.8,6.2,0,6.6,4.5,5.5,5.750,6.155,B,B,,Core 6.155 落在 5.5–7.19,medium,这件江户签名象牙根付工艺良好且老鼠题材生动，但并非名家顶级作，在PEM东亚收藏中属于有吸引力而仍可替代的精品小件。,组内品质居中，但同为署款动物形象牙根付且明显弱于内藤丰正兔，重复性最高，故D列末位。,
122,"Netsuke tortoise, unsigned",无款根付龟,Japanese Art Gallery,Carved Wood,object,日本根付,3,5.7,5.4,6.1,6.6,6.2,0,6.1,6.3,6.4,6.220,5.947,B,B,,Core 5.947 落在 5.5–7.19,medium,无款木雕龟保留了根付的实用属性并有亲切的动物造型，但作者、稀有性与杰出艺术地位均不突出。,组内品质虽居末，但木质、无款且偏日常实用的属性区别于两件象牙根付，独特性与叙事补位均列第二。,
123,Edo period wooden medicine box,江户时代木药箱,Japanese Art Gallery,Painted Wood,object,日本江户日用木器,1,5.3,5.1,5.4,5.6,6.6,0,5.8,8.0,6.5,6.600,5.635,C,B,变,Core 5.635 落在 5.5–7.19,medium,商人阶层使用的彩绘木药箱本身较为普通，却能具体呈现江户城市家庭的医疗、储物和日常物质文化。,作为组内唯一的江户日用木器，其商人阶层药品收纳功能具有较高非重复性，并为日本展陈补充日常生活面向，但典范性有限。,
124,Edo bronze censer with floral relief,江户花卉纹青铜香炉,Japanese Art Gallery,Bronze Metalwork,object,日本江户日用金工,2,5.6,5.3,6.1,6.0,6.2,0,6.4,6.2,5.9,6.240,5.814,B,B,,Core 5.814 落在 5.5–7.19,medium,花卉浮雕为这件町屋用青铜香炉提供了良好的装饰观赏性，但其类型和本馆身份价值仍属常规。,组内其花卉浮雕与青铜装饰性使品质略胜，但作为江户日用器的典型性和叙事补位均弱于铁瓶，故D居次。,
125,Edo period iron tea‑kettle tetsubin,江户铁茶壶铁瓶,Japanese Art Gallery,Iron Metalwork,object,日本江户日用金工,2,5.5,5.2,5.7,5.9,6.4,0,6.1,7.5,6.6,6.620,5.762,B,B,,Core 5.762 落在 5.5–7.19,medium,铸造良好的日用铁瓶是合格的江户金工作品，尤其适合说明商人阶层的饮茶生活，但单件并不稀有或不可替代。,组内铁瓶最能代表江户商人阶层的日常饮茶生活，且以铁铸器形区别于装饰性香炉，故D与G均居首。,
126,"Ukiyo‑e beauty print, minor artist",二流浮世绘美人版画,Japanese Art Gallery,Woodblock Print,object,日本浮世绘版画,5,6.0,5.6,6.5,6.6,6.6,0,6.2,7.2,7.4,6.740,6.229,B,B,,Core 6.229 落在 5.5–7.19,medium,二线画师的美人画仍具有鲜明的浮世绘色彩与人物吸引力，并能讲述江户审美和出版文化，但不构成PEM的标志性名作。,组内排名第三，作者地位较次但作为唯一美人画题材，能补足两大名家风景与杂画之外的类型叙事。,
127,Katsushika Hokusai miscellaneous sketch print,葛饰北斋杂画小版画,Japanese Art Gallery,Woodblock Print,object,日本浮世绘版画,5,6.9,6.3,6.2,6.6,6.7,0,7.0,4.5,5.2,5.890,6.469,B,B,,Core 6.469 落在 5.5–7.19,medium,北斋的作者地位明显提升了作品价值与游客关注度，但这是一件较小且出自冷门系列的杂画，重要性低于其代表作。,组内排名第四，虽有北斋署名价值，但属于较次要的小版杂画，并被更完整、更优质的北斋组画明显覆盖。,
128,"Hiroshige, miscellaneous station print",歌川广重普通站点版画,Japanese Art Gallery,Woodblock Print,object,日本浮世绘版画,5,7.4,6.6,6.9,7.1,7.3,0,7.4,3.4,4.8,5.680,6.893,B,B,,Core 6.893 落在 5.5–7.19,medium,虽非最著名站点，这件广重版画仍属于具有里程碑意义的《东海道五十三次》体系，可有效呈现江户旅行、风景图像与版画传播。,组内排名第五，单张普通站点画与排名第一的广重《东海道》选集直接重复，故独特性和补位价值最低。,
129,Joseon dynasty white porcelain bottle,朝鲜王朝白瓷瓶,Korean Art Gallery,Porcelain,object,朝鲜王朝陶瓷,2,6.5,6.0,6.4,6.0,7.0,0,7.0,8.2,7.3,7.420,6.452,B,B,,Core 6.452 落在 5.5–7.19,medium,造型雅洁的朝鲜白瓷瓶能集中体现王朝时期克制朴素的陶瓷审美，虽为地方窑产品，仍有较强的文化阐释价值。,组内排名第一，白瓷瓶比青瓷小碗更能代表朝鲜王朝陶瓷的典范面貌，虽属地方窑品质而非顶级名品，仍是韩国艺术叙事的核心一环。,
130,Joseon celadon small bowl,朝鲜青瓷小碗,Korean Art Gallery,Stoneware‑Porcelain,object,朝鲜王朝陶瓷,2,5.8,5.6,6.3,6.1,6.1,0,5.9,5.6,5.8,5.790,5.914,B,B,,Core 5.914 落在 5.5–7.19,medium,这件小型青瓷碗釉色具有观赏性，也可补充朝鲜王朝陶瓷面貌，但相较更具代表性的高丽青瓷或朝鲜白瓷辨识度有限。,组内排名第二，青瓷釉色与碗形提供一定差异，但其典范性和叙事补位均弱于更具朝鲜王朝标志性的白瓷瓶。,
131,Joseon embroidered floral rank badge fragment,朝鲜刺绣补子残片,Korean Art Gallery,Embroidery Textile,object,朝鲜王朝服饰刺绣,2,4.8,4.7,4.8,4.6,6.0,0,4.8,3.2,3.8,4.120,4.857,C,C,,Core 4.857 < 5.5,medium,补子可用于说明朝鲜官服、等级制度与刺绣工艺，但该件仅存花卉纹残片，完整性和现场视觉效果明显受限。,组内次位，虽以花卉纹样提供一定变化，但残片形态且与完整补子题材重复，独特性和叙事补位均明显较低。,
132,Joseon bronze hand‑mirror,朝鲜青铜手镜,Korean Art Gallery,Bronze Metalwork,object,朝鲜王朝青铜器,1,5.4,5.2,5.8,5.7,6.1,0,5.8,8.0,6.4,6.580,5.678,C,B,变,Core 5.678 落在 5.5–7.19,medium,晚期朝鲜青铜手镜兼具装饰铸造与个人生活史信息，但属于较常见、可替代的日用金工类型。,作为组内唯一的朝鲜王朝青铜器，它以晚期日用手镜补足韩国金工与生活文化叙事，故D居组内首位且偏高，但典范性与全馆核心关联度仅属中等。,
133,Nam June Paik small TV‑object study,白南准小型电视媒介习作,Korean Contemporary Gallery,Mixed‑Media Video Sculpture,object,韩国当代影像与综合媒介艺术,1,6.4,4.9,5.3,5.8,6.5,0,6.6,8.6,7.4,7.360,5.881,B,B,,Core 5.881 落在 5.5–7.19,medium,白南准在全球影像艺术史上地位突出，但这件小型实验习作并非其代表作，且韩国当代艺术不是PEM最不可替代的馆藏支柱。,作为组内唯一的韩国当代影像综合媒介作品，它以较高独特性补足韩国艺术的当代实验一环，但小型习作的典范性低于白南准的重要成熟作品。,
134,Hawaiian carved wooden bowl,夏威夷木雕食用碗,Oceanic Art Gallery,Carved Wood,object,大洋洲雕刻木容器,3,5.4,5.7,5.3,5.2,6.2,0,5.8,5.2,6.3,5.720,5.582,B,B,,Core 5.582 落在 5.5–7.19,medium,这件制作良好的非王室日用木碗能够呈现夏威夷饮食与木工传统，但作为常见生活器，其单件稀缺性和视觉冲击有限。,组内为工艺良好但非王室等级的日用碗，品质与典范性居末，且与斐济木碗在器形上重复较多。,
135,Hawaiian stone fishing sinker set,夏威夷石制渔坠组,Oceanic Art Gallery,Stone Tool,object,大洋洲石制工具,2,5.5,5.7,4.8,5,6.7,0,6.4,7.0,8.2,6.940,5.694,B,B,,Core 5.694 落在 5.5–7.19,medium,成组石制渔坠外观朴素且可替代性较高，却能具体解释传统波利尼西亚渔业技术、海洋生计和材料利用。,组内位居第二，渔坠组以夏威夷传统渔业补强PEM的海事—大洋洲叙事，但在材质与典范性上不及毛利软玉石锛。,
136,Hawaii woven mat fragment,夏威夷编织席残片,Oceanic Art Gallery,Plant‑Fiber Textile,object,大洋洲植物纤维编织品,3,6.4,6.1,4.2,4.7,6.7,0,7.5,8.8,7.8,7.950,5.940,B,B,,Core 5.940 落在 5.5–7.19,medium,细密植物纤维席若确属接触前时期则具有较强的有机材料存世与文化价值，但残片状态显著削弱现场观赏性。,组内唯一的席类且具有前接触时期背景，在形制、年代意义与代表性上均居三件之首。,
137,Māori wooden food storage box,毛利木质食物储存盒,Oceanic Art Gallery,Carved Wood,object,大洋洲雕刻木容器,3,6,6.2,5.9,5.8,6.5,0,6.7,7.0,7.2,6.890,6.169,B,B,,Core 6.169 落在 5.5–7.19,medium,毛利木质储食盒兼具实用功能和适度表面雕饰，可说明食物保存与雕刻传统，但并非高等级或装饰卓绝的精品。,组内品质居中，其储食盒形制区别于另外两件碗，并补充毛利日常物质文化，独特性列第二。,
138,Māori stone adze implement,毛利石锛工具,Oceanic Art Gallery,Nephrite Stone Tool,object,大洋洲石制工具,2,6.1,6.1,5.3,5.5,6.8,0,7.3,8.5,7.5,7.700,6.155,C,B,变,Core 6.155 落在 5.5–7.19,medium,软玉石锛联系毛利社会重要的玉材文化与木作技术，教育价值较强，但普通工具等级限制了其单件重要性和视觉表现。,组内位居第一，毛利软玉石锛在材质、文化辨识度和工艺代表性上最突出，虽属普通工具等级仍明显区别于渔坠组。,
139,Marquesan small ancestor carving,马克萨斯小型祖先木雕,Oceanic Art Gallery,Carved Wood,object,大洋洲仪式木雕,7,6.8,6.6,6.3,6.5,6.8,0,6.6,5.4,6.5,6.220,6.572,B,B,,Core 6.572 落在 5.5–7.19,medium,马克萨斯祖先形象具有鲜明的波利尼西亚宗教与雕刻风格，良好造型颇具吸引力，但小型尺度使其未达到纪念性代表作水准。,组内第六，这件马克萨斯小型祖先像风格尚佳，但尺度有限且该文化已由更独特的仪式锛代表，因而独特性递降。,
140,Fijian carved wooden bowl,斐济雕花仪式木碗,Oceanic Art Gallery,Carved Wood,object,大洋洲雕刻木容器,3,6.5,6.5,6.2,6.3,7.1,0,7.6,8.4,8.0,7.920,6.657,B,B,,Core 6.657 落在 5.5–7.19,medium,雕工良好的斐济卡瓦碗能够有效讲述卡瓦仪式、社会等级和共同体生活，但次级酋长等级意味着它并非同类最高规格。,组内以酋长等级的卡瓦仪式碗最具文化典范性，品质、独特性及对斐济仪式叙事的补位价值均居首。,
141,Tongan woven basket,汤加编织储物篮,Oceanic Art Gallery,Plant‑Fiber Textile,object,大洋洲植物纤维编织品,3,5.8,5.9,5.6,5.6,6.4,0,6.8,6.4,7.2,6.760,5.951,C,B,变,Core 5.951 落在 5.5–7.19,medium,紧密编织并兼具实用与仪式用途的汤加篮可呈现植物材料工艺和社会习俗，但器形常规，单件不可替代性有限。,紧密编织并兼具实用与仪式属性，使其在两件篮器中更具代表性，组内列第二。,
142,New Hebrides spirit mask fragment,新赫布里底神灵面具残件,Oceanic Art Gallery,Painted Wood Fragment,object,大洋洲仪式木雕,7,5.8,5.8,4.7,5.2,6.5,0,5.2,3.5,5.1,4.670,5.537,B,B,,Core 5.537 落在 5.5–7.19,medium,新赫布里底彩绘神灵面具残件保留了美拉尼西亚仪式艺术的叙事线索，但残损状态使造型完整性、视觉冲击和代表性明显下降。,组内末位，残缺状态削弱品质，又与更完整、更醒目的新不列颠面具形成明显重复，仅保留有限的地域补位价值。,
143,Rapa Nui carved wooden statuette,复活节岛小木雕像,Oceanic Art Gallery,Carved Wood,object,大洋洲仪式木雕,7,6.2,6.3,5.9,6.5,6.4,0,6.5,6.8,7,6.690,6.304,B,B,,Core 6.304 落在 5.5–7.19,medium,拉帕努伊题材具有较高公众辨识度，小型木像因而颇能吸引游客，但接触后年代、有限尺度和一般化造型压低了遗产等级。,组内第五，拉帕努伊题材具有地域辨识度，但小型且属接触后作品，代表性明显不及前三类核心仪式器物。,
144,"Scrimshaw whale tooth, sailing‑ship motif",捕鲸骨雕帆船主题鲸牙,Maritime Gallery,Engraved Whale Tooth,object,海事鲸牙雕刻,1,6.6,6.7,6.5,7,7.4,0,7.3,8.4,8.7,7.910,6.921,B,B,,Core 6.921 落在 5.5–7.19,medium,帆船图案鲸牙雕刻直接连接捕鲸、船员民间艺术和塞勒姆海事史，十分契合PEM核心身份，但该件属于工艺良好而非罕见顶级个例。,组内唯一的鲸牙雕刻，帆船母题虽属经典常见类型，但能以较好的民间工艺直接补足PEM远洋贸易与捕鲸海事叙事。,
145,Scrimshaw walrus tusk small piece,小型海象牙骨雕,Maritime Gallery,Engraved Walrus Ivory,object,海事牙骨雕刻,1,5.0,5.5,5.2,5.8,5.7,0,5.8,8.2,7.4,6.840,5.564,B,B,,Core 5.564 落在 5.5–7.19,medium,这件小型海象牙刻能体现捕鲸航程中的纪念品文化，与PEM海事传统相关且具有材质吸引力，但体量有限、个体信息不足，同类中可替代性较高。,组内唯一的海象牙雕，虽为小型航海纪念品、典范程度中等，但在同类中无重复，并能补充PEM核心海事叙事中的捕鲸航程与水手雕刻传统。,
146,Whalebone bus‑k corset stay,鲸鱼骨束腰撑片,Maritime Gallery,Whalebone,object,捕鲸材料制日用器,1,5.4,5.4,4.1,5.5,6.7,0,6.2,8.5,8.0,7.250,5.600,B,B,,Core 5.600 落在 5.5–7.19,medium,鲸骨束腰撑片直观连接捕鲸产业、全球商品流通与服饰身体史，教育价值较强，但作为小型日用品视觉效果弱，单件并非PEM身份支柱。,作为组内唯一对象，它以日常束腰构件具体呈现捕鲸原料进入消费生活的路径，典范性中上、独特性突出，并能有效补足PEM海事贸易叙事中的物质文化一环。,
147,Brass ship compass working example,黄铜船用罗盘实物,Maritime Gallery,Brass‑Glass Scientific Instrument,object,航海仪器与船用工具,3,5.8,5.7,5.7,6.2,6.6,0,7.3,8.4,8.7,7.910,6.151,B,B,,Core 6.151 落在 5.5–7.19,medium,19世纪黄铜船用罗盘能够清楚解释商船导航技术，材质和可理解的功能也较吸引游客，但缺少重要船只、制造者或事件关联，仍属常规海事仪器。,组内排名第一，船用罗盘最能代表远洋航行的核心导航技术，也最契合PEM的海事身份。,
148,Lead ship’s sounding weight,铅制测水深铅锤,Maritime Gallery,Lead Metal Object,object,航海仪器与船用工具,3,5.3,6.1,3.8,4.9,6.4,0,6.5,7.0,8.2,6.990,5.549,C,B,变,Core 5.549 落在 5.5–7.19,medium,测深铅锤本身朴素且视觉冲击有限，但来自塞勒姆双桅船的本地关联强化了其在PEM海贸叙事中的价值，并能有效说明近代航海测深实践。,组内排名第二，测深铅锤以航道探测功能区别于罗盘，并借塞勒姆商船使用背景补足实际航海作业叙事。,
149,Ship‑carpenter’s folding rule,船木匠折叠木尺,Maritime Gallery,Wood‑Brass Tool,object,航海仪器与船用工具,3,4.8,5.2,4.0,4.7,5.8,0,5.5,4.6,6.6,5.450,4.980,C,C,,Core 4.980 < 5.5,medium,折叠木尺可补充船舶建造与维修的劳动史，但属于常见工匠工具，缺乏突出人物或船只渊源，现场吸引力和本馆不可替代性均有限。,组内排名第三，折叠木尺可呈现船舶建造维护，但器形较通用且海事专属性弱于前两件。,
150,Water‑colour ship portrait of minor Salem brig,塞勒姆普通双桅船水彩肖像,Maritime Gallery,Watercolor on Paper,object,塞勒姆船舶肖像画,1,5.6,6.1,5.6,5.7,6.3,0,5.8,8.2,8.3,7.020,5.987,B,B,,Core 5.987 落在 5.5–7.19,medium,这幅水彩为塞勒姆普通贸易船留下了有用的图像记录，契合PEM地方海事身份，但题材船只知名度与作品艺术水准据简介均非突出。,作为组内唯一的塞勒姆船舶肖像画，其题材虽为普通且较少知名的双桅商船、品质地位居中，但非重复性高，并能直接补足PEM核心的塞勒姆远洋贸易叙事。,
151,Model of small coastal schooner,沿海小纵帆船船模,Maritime Gallery,Wood Ship‑Model,object,船模,1,5.2,5.5,6.1,6.4,6.2,0,6.2,8.0,8.2,7.140,5.934,B,B,,Core 5.934 落在 5.5–7.19,medium,沿海纵帆船船模以易于理解的立体形式展示日常贸易船型，游客吸引力优于多数工具类展品，但其对象普通且未见特殊制作或历史渊源。,作为组内唯一船模，其题材虽属常见沿海商贸小帆船而非顶级名舰，但独占本组代表位置，并有效补足PEM海事叙事中的日常沿岸运输一环。,
152,19th‑century whale‑oil lantern,19世纪鲸油手提灯,Maritime Gallery,Metal‑Glass Household Object,object,船上照明器具,1,5.5,5.7,5.4,6.0,6.6,0,6.4,8.5,8.2,7.390,5.964,B,B,,Core 5.964 落在 5.5–7.19,medium,鲸油手提灯把捕鲸产品与船上夜间生活直接联系起来，形制直观且叙事清晰，但作为常见功能器物，其单件历史地位和不可替代性适中。,作为组内唯一的船上照明器具，它虽属较常见的19世纪实用型鲸油灯而非工艺珍品，却凭唯一性及对远洋航海夜间生活的补位价值居本组首位。,
153,Salem customs‑house manuscript fragment,塞勒姆海关手稿残页,Phillips Library Display Case,Manuscript Paper,object,塞勒姆海事手稿,2,5.7,6.3,3.4,4.2,7.0,0,6.4,7.8,8.6,7.260,5.631,B,B,,Core 5.631 落在 5.5–7.19,medium,塞勒姆海关货运记录能具体解释港口贸易、进口商品与行政制度，和PEM起源联系紧密，但残页状态及纸本文书的展示方式明显限制视觉与大众吸引力。,组内居首，海关货运记录比私人日志更能代表塞勒姆远洋贸易的制度与货物流转，并直接衔接PEM的海事及亚洲外销艺术叙事。,
154,Ship captain’s personal journal fragment,船长私人航海日志残页,Phillips Library Display Case,Manuscript Paper,object,塞勒姆海事手稿,2,5.6,6.1,3.6,4.7,6.9,0,6.1,6.2,7.8,6.470,5.572,B,B,,Core 5.572 落在 5.5–7.19,medium,船长私人日志残页为塞勒姆远洋航行提供第一人称材料，叙事与教育潜力较强，但因仅存单页且未说明船长或航程的重要性，遗产地位与视觉表现受限。,组内居次，船长日志虽以个人视角补充航海生活，但作为无明确人物与航次信息的残页，其典范性和非重复性弱于海关记录。,
155,Felix Beato landscape photograph,费利斯·比托风景原版照片,Photography Gallery,Albumen Photograph,object,19世纪蛋白摄影,2,6.8,5.5,6.3,6.2,6.8,0,6.8,5.4,6.2,6.260,6.256,B,B,,Core 6.256 落在 5.5–7.19,medium,费利斯·比托是19世纪摄影史的重要先驱，原版蛋白照片具有明确艺术史和媒介史价值，但该风景取景地较次要且与PEM核心身份的直接联系尚不明确。,组内居次：虽为比托原版风景蛋白照片并具早期亚洲摄影价值，但题材较常见，较汤姆森街景的社会记录性与叙事补位作用更弱。,
156,John Thomson street‑scene photograph,约翰·汤姆森街景原版照片,Photography Gallery,Albumen Photograph,object,19世纪蛋白摄影,2,7.1,6.3,6.2,6.5,7.5,0,7.2,8.0,7.8,7.560,6.781,B,B,,Core 6.781 落在 5.5–7.19,medium,约翰·汤姆森的中国摄影在早期纪实摄影与跨文化视觉史中地位突出，这幅街景也能有效呈现晚清社会生活并呼应PEM东亚收藏核心，但它在其中国系列中属于次要作品。,组内第一：汤姆森街景以日常社会观察区别于一般风景摄影，更能连接PEM的东亚收藏与19世纪跨文化视觉叙事。,
157,19th‑century travel album page,19世纪旅行相册单页,Photography Gallery,Albumen Photograph,object,塞勒姆旅行摄影与相册,1,5.2,6.3,4.5,5.1,6.4,0,5.8,8.0,7.4,6.780,5.693,B,B,,Core 5.693 落在 5.5–7.19,medium,相册页本身属于可替代的19世纪旅行纪念摄影，但由塞勒姆旅行者编排，能直接连接摄影传播、海外旅行与PEM的全球贸易叙事。,作为组内唯一对象，其混合纪念照编排使D偏高，并以塞勒姆旅行者的个人视角补充了本馆远洋交流叙事，但单页本身的典范性仅属中等。,
158,Persian Safavid small ceramic bowl,萨法维波斯陶小碗,Islamic‑Asian Gallery,Glazed Pottery,object,伊斯兰陶瓷器皿,1,5.4,4.0,4.7,4.6,5.5,0,5.8,7.6,6.2,6.420,4.942,B,C,变,Core 4.942 < 5.5,medium,萨法维陶瓷具有明确的时代与工艺价值，但这件小碗纹饰简单且未见名家、窑口或特殊来源信息，在PEM也不属身份性核心。,作为组内唯一的伊斯兰陶瓷器皿，其萨法维波斯背景具有较高非重复性并补充西亚叙事，但器形与几何装饰较朴素，品质和典范程度仅居中等。,
159,Persian Qajar painted tile fragment,卡扎尔波斯彩绘瓷砖残件,Islamic‑Asian Gallery,Glazed Ceramic Tile,object,伊斯兰建筑陶砖,2,4.9,3.7,4.3,4.4,5.7,0,5.2,7.4,5.8,5.980,4.663,C,C,,Core 4.663 < 5.5,medium,卡扎尔人物陶砖可说明波斯建筑装饰与世俗图像传统，但残件状态和缺少原建筑语境明显削弱其视觉完整性与单件地位。,组内两件中，卡扎尔人物题材比奥斯曼书法砖更具非重复性，D居首，但残件形态与非核心馆藏语境限制了Q与G。,
160,Mamluk brass inlaid small tray,马穆鲁克嵌饰黄铜小托盘,Islamic‑Asian Gallery,Brass Metalwork,object,伊斯兰金属器,1,6.2,4.2,5.7,5.5,6.1,0,6.8,8.5,6.3,7.210,5.606,B,B,,Core 5.606 落在 5.5–7.19,medium,马穆鲁克嵌饰黄铜器承载较强的伊斯兰金工传统与生活史价值，工艺也具观赏性，但小型日用托盘并非PEM核心收藏的标志物。,作为组内唯一的伊斯兰金属器，其马穆鲁克嵌饰黄铜工艺具有较高独特性并补充伊斯兰物质文化一环，但小型日用托盘的典范性及与PEM核心叙事的关联度仅属中上。,
161,Ottoman calligraphic tile fragment,奥斯曼书法瓷砖残件,Islamic‑Asian Gallery,Glazed Ceramic Tile,object,伊斯兰建筑陶砖,2,5.2,3.8,4.8,4.7,6.0,0,5.8,6.2,6.2,6.000,4.915,C,C,,Core 4.915 < 5.5,medium,书法纹样能有效阐释奥斯曼建筑装饰中书写、信仰与图案的结合，但残片缺少完整铭文和建筑环境，单件冲击力有限。,组内其书法装饰更能典范性代表伊斯兰建筑陶砖并补充奥斯曼叙事，Q与G居首，但与同组釉面砖在材质功能上仍有重复，故D次之。,
162,Ottoman embroidered towel fragment,奥斯曼刺绣织物残片,Islamic‑Asian Gallery,Embroidery Textile,object,伊斯兰刺绣织物,1,4.7,3.6,4.1,4.0,5.6,0,5.2,8.2,5.8,6.220,4.517,C,C,,Core 4.517 < 5.5,medium,这类花卉刺绣家用织物适合说明奥斯曼日常生活与女性手工艺，不过残片、常见题材和有限尺度使其较易被同类替代。,作为组内唯一的伊斯兰刺绣织物，其奥斯曼家用纺织传统具有较高独特性与叙事补位价值，但残片形态且未见典范性依据，品质地位仅属中等。,
163,Greek black‑figure kylix cup fragment,古希腊黑绘浅酒杯残件,Ancient Mediterranean,Terracotta,object,古希腊彩绘陶器,2,5.9,3.6,4.5,4.9,6.3,0,6.2,8.0,6.3,6.760,5.111,B,C,变,Core 5.111 < 5.5,medium,黑绘技法、浅酒杯器形与神话场景能够串联希腊陶绘和宴饮文化，但仅存残片且没有画师或特殊出处，难成为PEM参观重点。,组内以黑绘技法、酒杯器形和神话叙事画面更具综合代表性，独特性居首，并补充希腊宴饮文化一环。,
164,Greek red‑figure amphora neck fragment,古希腊红绘双耳罐颈部残件,Ancient Mediterranean,Terracotta,object,古希腊彩绘陶器,2,5.8,3.6,4.3,4.7,6.1,0,5.9,6.6,6.0,6.130,4.938,B,C,变,Core 4.938 < 5.5,medium,阿提卡红绘陶器具有重要艺术史背景，但这件只保留双耳罐颈部，叙事图像与器形均不完整，在非古典收藏强馆中替代性较高。,阿提卡红绘与双耳罐器形具有典型性，但仅存颈部且叙事信息较弱，组内独特性次于黑绘神话酒杯残件。,
165,Roman marble portrait bust fragment,罗马大理石胸像残件,Ancient Mediterranean,Marble Sculpture,object,古罗马大理石雕塑,1,5.8,3.7,5.0,4.9,5.9,0,5.0,8.0,5.8,6.060,5.061,C,C,,Core 5.061 < 5.5,medium,罗马大理石肖像传统具有明确历史与艺术价值，残存面部仍可能形成现场吸引力，但破损程度和身份不明限制了其独特性。,作为组内唯一的古罗马大理石雕塑，其残缺程度限制了品质与典范性，但在组内独特性最高，并为PEM补入古典地中海肖像雕塑一环。,
166,Roman glass perfume bottle,罗马玻璃香水瓶,Ancient Mediterranean,Glass Vessel,object,古罗马玻璃器,1,5.5,3.6,4.7,4.9,6.1,0,5.4,7.2,5.6,5.980,4.953,C,C,,Core 4.953 < 5.5,medium,典型吹制玻璃香膏瓶能直观解释罗马玻璃技术、个人护理和随葬习俗，但器物小且类型常见，对PEM身份贡献很低。,组内仅此一件，作为罗马吹制玻璃与丧葬用香膏瓶的唯一代表而获较高D，但器型较常见、品质典范性有限，主要补充本馆非核心的古地中海日常生活叙事。,
167,Egyptian faience amulet figurine,埃及费昂斯护身符小造像,Ancient Mediterranean,Faience,object,古埃及护身符与小型造像,1,5.7,3.8,4.6,5.4,6.6,0,5.5,8.0,6.3,6.410,5.221,C,C,,Core 5.221 < 5.5,medium,费昂斯护身符可清楚呈现古埃及的保护信仰、材料技术和葬俗，对普通游客也有题材吸引力，但小型常见且未明确神祇身份。,作为组内唯一的古埃及费昂斯护身符，其同类独占性使D居于高位，并能补充古埃及丧葬信仰叙事，但小型常见器类的典范性有限。,
168,Etruscan bronze fibula safety‑pin brooch,伊特鲁里亚青铜别针胸针,Ancient Mediterranean,Bronze Metalwork,object,古代地中海青铜饰件,1,5.5,3.6,4.4,4.6,6.0,0,6.0,8.0,5.5,6.500,4.900,C,C,,Core 4.900 < 5.5,medium,伊特鲁里亚青铜别针兼具服饰、金工和社会身份方面的教育价值，但作为常见小型实用品，视觉性及其对PEM馆藏身份的贡献有限。,作为组内唯一对象，它以典型青铜服饰扣件代表伊特鲁里亚日常金工，独特性较高并能补入古代地中海服饰文化一环，但并非PEM核心叙事中的标志性精品。,
169,"Italian maiolica plate, 16th‑century",16世纪意大利马约里卡陶盘,European Decorative Arts,Ceramic,object,欧洲装饰陶瓷,2,5.8,3.6,5.7,5.4,6.1,0,6.7,6.2,5.8,6.370,5.277,B,C,变,Core 5.277 < 5.5,medium,16世纪彩绘马约里卡能说明意大利文艺复兴时期的陶艺与餐桌文化，但普通作坊制品且欧洲装饰艺术并非PEM的核心馆藏。,作为典型的16世纪意大利工坊马约里卡陶盘，其时代与类别价值明确，但在本组中典范性和叙事补位均次于更具组合特色的代尔夫特瓷砖组。,
170,Renaissance bronze small plaquette religious theme,文艺复兴宗教主题青铜小浮雕牌,European Decorative Arts,Bronze,object,欧洲青铜小型雕塑,1,5.5,3.3,4.8,4.7,6.0,0,5.5,7.0,5.2,5.890,4.839,C,C,,Core 4.839 < 5.5,medium,宗教小浮雕牌可呈现文艺复兴时期家庭私人礼拜传统，但其体量、题材与“次要 devotional relief”的定位均限制了现场冲击和本馆不可替代性。,作为组内唯一的欧洲文艺复兴青铜小浮雕牌，它独占此类位置而获较高D，但属于较常见的私人礼拜小品，品质典范性及对PEM核心叙事的补位均属中等。,
171,Baroque pewter drinking mug,巴洛克白镴饮酒杯,European Decorative Arts,Pewter Metalwork,object,欧洲锡镴器,1,4.9,3.1,4.3,4.2,5.8,0,5.3,8.0,3.7,5.790,4.479,C,C,,Core 4.479 < 5.5,medium,白镴饮酒杯对理解巴洛克时期日常餐饮和阶层生活有一定价值，但属于较常见的功能性器物，在PEM语境中可替代性较高。,本组唯一的欧洲锡镴器，以典型巴洛克日用酒具代表该门类，独特性居组内首位，但品质属实用器常例且对PEM核心海贸与亚洲叙事补位有限。,
172,Gothic stained‑glass floral fragment,哥特彩色玻璃花卉残片,European Decorative Arts,Stained‑Glass,object,欧洲彩色玻璃,1,5.1,3.2,5.0,4.8,5.7,0,5.4,8.0,5.8,6.260,4.771,B,C,变,Core 4.771 < 5.5,medium,该残片保留了哥特教堂彩窗的材质和装饰信息，但非人物题材且为残件，叙事完整性与视觉规模均较有限。,作为组内唯一的欧洲彩色玻璃，它以较高独特性补充中世纪装饰艺术门类，但非人物花卉残片的典范性与对PEM核心叙事的贡献均属中等。,
173,Dutch delft blue‑and‑white tile group,代尔夫特蓝白瓷砖组,European Decorative Arts,Ceramic,object,欧洲装饰陶瓷,2,6.3,4.4,6.2,6.1,6.6,0,7.2,8.2,7.4,7.540,5.949,C,B,变,Core 5.949 落在 5.5–7.19,medium,成组的代尔夫特蓝白风景瓷砖兼具装饰效果，并可解释荷兰室内文化及欧洲陶瓷对跨文化蓝白传统的吸收，但不是PEM的核心门类。,该组以成套墙砖、蓝白装饰和风景题材成为组内独特性最高者，并可与PEM强项中的东亚蓝白陶瓷及跨文化传播叙事形成呼应。,
174,Japanese contemporary ceramic tea cup,日本当代陶艺茶杯,Art & Nature Center,Stoneware Ceramic,object,日本当代陶艺,2,5.5,4.9,5.4,5.3,5.8,0,5.6,4.3,5.5,5.190,5.319,C,C,,Core 5.319 < 5.5,low,这件制作良好的日本工作室陶艺茶杯与PEM的东亚收藏方向及艺术—自然主题相容，但未知艺术家与具体创新点使其更接近常规馆藏。,组内居次，虽以茶杯形态补充日本当代实用陶艺一面，但作者与形式信息有限且器型较常见，独特性明显低于南瓜陶塑。,
175,Small Josh Simpson planet marble,乔希·辛普森小型星球玻璃弹珠,Art & Nature Center,Art Glass,object,当代艺术玻璃,2,6.2,5.7,6.5,7.0,6.2,0,6.1,3.5,4.3,4.960,6.116,C,B,变,Core 6.116 落在 5.5–7.19,medium,辛普森的微型“星球”以精细玻璃工艺制造宇宙幻景，虽规模很小且属同系列次级作品，却能呼应馆内大型作品并带来较强的近距离惊喜。,组内居次，其微型弹珠形态虽有趣，但与较大的星球玻璃球在作者和母题上高度重复，叙事补位也较有限。,
176,Contemporary mixed‑media shell assemblage artwork,当代贝壳混合媒介装置小品,Art & Nature Center,Mixed‑Media,object,当代混合媒介艺术,2,4.7,4.2,5.2,5.4,5.3,0,4.5,4.2,5.1,4.530,4.828,C,C,,Core 4.828 < 5.5,low,贝壳材质与自然主题适合艺术与自然中心的展示语境，但作为小型、作者与创作背景不明的装置小品，其重要性和不可替代性有限。,组内居次，贝壳材料虽能呼应PEM的海洋与自然主题，但小型自然拼装的形式较常见，独特性不及具名艺术家的柜体习作。,
177,Hank Willis Thomas small print work,汉克·威利斯·托马斯小幅版画,American Contemporary Gallery,Print on Paper,object,美国当代纸本版画,1,7.1,4.8,5.5,6.2,7.6,0,7.0,8.4,6.3,7.280,6.243,B,B,,Core 6.243 落在 5.5–7.19,medium,汉克·威利斯·托马斯是讨论种族与视觉文化的重要当代艺术家，此作教育和议题价值突出，但小幅版画的现场冲击有限且美国当代艺术不是PEM最不可替代的领域。,作为组内唯一的美国当代纸本版画，其独特性居首且能补充种族议题叙事，但小幅、次要作品的典范性及其与PEM核心收藏方向的关联有限。,
178,Valerie Hagerty small cabinet study,瓦莱丽·哈格蒂小型柜子习作,Maritime Gallery,Mixed‑Media,object,当代混合媒介艺术,2,5.4,4.3,5.1,5.2,5.5,0,5.5,7.1,5.5,5.980,5.123,B,C,变,Core 5.123 < 5.5,low,这件柜子形态的混合媒介习作可辅助理解艺术家的材料实验，但缩小尺寸和“习作”属性使其更像创作过程材料而非核心代表作。,组内居首，具名艺术家的缩尺柜体习作在形式与创作指向上更明确，较贝壳装置更具非重复性，并可为海事展陈补充当代视角。,
179,Salem witch‑trial era brass thimble,塞勒姆猎巫时代黄铜顶针,Special Case Display,Brass Artifact,object,塞勒姆历史考古器物,1,6.2,6.8,3.3,5.6,7.3,0,6.3,8.2,7.5,7.110,6.081,B,B,,Core 6.081 落在 5.5–7.19,medium,顶针本身普通且视觉上极不显眼，但其晚17世纪塞勒姆考古语境可具体呈现猎巫时代普通人的日常生活，对本地历史叙事具有较高价值。,作为组内唯一对象，它以普通家用顶针的考古实物形态独占较高D，并补足PEM塞勒姆猎巫时代日常生活叙事，但器物本身的工艺与典范性仅属中等。,
180,18th‑century shoe buckle silver,18世纪银鞋扣,American Decorative Arts,Silver Metalwork,object,美国殖民时期银器,1,5.7,4.8,5.3,5.2,6.2,0,5.8,8.0,6.4,6.580,5.503,C,B,变,Core 5.503 落在 5.5–7.19,medium,银鞋扣能说明18世纪殖民社会的服饰、身份表达和金属工艺，但缺少名匠或重要人物关联，在PEM美国装饰艺术中属于较可替代的实例。,作为组内唯一的殖民时期银器，它以银鞋扣补足早期美国服饰与日常物质文化叙事，D居组内首位，但器类体量与典范性有限。,
181,Carved walnut snuff box,雕花胡桃木鼻烟盒,American Decorative Arts,Carved Wood,object,美国民间木雕小件,2,4.5,3.8,4.5,4.8,4.9,0,4.9,4.6,4.2,4.670,4.447,C,C,,Core 4.447 < 5.5,medium,小型民间风格鼻烟盒可反映日常吸烟习俗与木雕工艺，但体量、题材和工艺定位均较普通，且美国装饰艺术并非PEM最不可替代的板块。,组内居次，虽以鼻烟盒器形体现日常木雕工艺，但相较彩绘动物形象更常规，且对PEM核心叙事补位有限。,
182,Chinese export bamboo folding fan,外销竹骨折扇,Asian Export Art Gallery,Bamboo‑Paper Fan,object,中国外销扇,2,5.3,6.2,5.7,5.8,6.7,0,5.6,4.2,5.4,5.140,5.854,B,B,,Core 5.854 落在 5.5–7.19,medium,这件面向西方市场的手绘竹骨扇等级普通、单件可替代，但能直观说明中西贸易中的审美调适，契合PEM的亚洲外销艺术核心身份。,组内排名第二，竹骨形制虽可补充外销扇的材质与等级谱系，但普通品级且与彩绘折扇性质重叠，独特性明显较低。,
183,Japanese wood tea caddy,日本木制茶罐,Japanese Art Gallery,Painted Wood,object,日本木质茶器,1,5.2,5.5,5,5.2,6.2,0,5.6,7.2,6.3,6.220,5.497,C,C,,Core 5.497 < 5.5,medium,商人阶层日用木制茶罐在艺术等级和视觉效果上较常规，却能呈现日本茶叶储存、商业生活与日常器用文化，并受益于PEM的东亚收藏语境。,作为组内唯一的日本木质茶器，其彩绘木作与商人阶层日用属性具有较高非重复性，并为日本茶文化的日常物质层面提供补位，但典范性有限。,
184,Korean iron pot for home cooking,朝鲜家用铁锅,Korean Art Gallery,Iron Metalwork,object,朝鲜传统生活铁器,1,5.1,5.3,4.8,5.2,6.5,0,5.8,8.2,6.8,6.720,5.492,C,C,,Core 5.492 < 5.5,medium,铸造良好的家用铁锅本身是可替代的实用器，但作为朝鲜饮食、家庭劳动和传统铸铁技术的实物证据，教育叙事价值明显高于视觉价值。,作为组内唯一的朝鲜家用炊煮铁器，其铸造品质尚佳且以日常生活视角补足韩国艺术叙事，故D高而Q居中。,
185,Polynesian shell neck ornament,波利尼西亚贝壳颈饰,Oceanic Art Gallery,Shell‑Fiber Jewelry,object,大洋洲贝壳首饰,1,5.6,6.3,5.9,6.1,6.3,0,5.8,7.4,7.1,6.540,6.094,C,B,变,Core 6.094 落在 5.5–7.19,medium,普通等级的串珠贝壳颈饰并非罕见杰作，但其天然材料、身体装饰传统和波利尼西亚文化语境具有亲和力，也契合PEM具有身份意义的大洋洲收藏。,作为组内唯一的波利尼西亚贝壳首饰，其材质与佩饰传统能补充PEM核心大洋洲叙事，故D居组内首位且偏高，但常见等级的串珠形制限制了品质与独特性上限。,
186,Whaling‑ship carved wooden utensil,捕鲸船自制木雕餐具,Maritime Gallery,Carved Wood,object,捕鲸船上生活器物,1,6.2,6.8,5.1,6.2,7.3,0,6.6,8.5,8.3,7.510,6.481,C,B,变,Core 6.481 落在 5.5–7.19,medium,船员在捕鲸船上自制的木雕餐具虽朴素，却以个人化实物连接海上劳动、船居生活和民间工艺，与PEM源自塞勒姆远洋航海的身份高度契合。,作为组内唯一对象，它以船上自制餐具这一朴素实物独占捕鲸船日常生活视角，品质虽非顶级工艺品，但对PEM海事叙事的补位与非重复性均较高。,
187,Hand‑colored lithograph of Salem harbor,手工上色塞勒姆港石版画,Photography Gallery,Hand‑Colored Lithograph,object,塞勒姆地方景观版画,1,5.7,6.7,5.8,6,7,0,6.0,8.0,8.5,7.100,6.345,B,B,,Core 6.345 落在 5.5–7.19,medium,这类19世纪通俗港景石版画艺术等级有限，但塞勒姆滨水景观直接联系城市记忆、旅游观看与港口历史，在PEM本地海事叙事中具有较强意义。,作为组内唯一的塞勒姆地方景观版画，其通俗旅游印刷品的艺术典范性中等，但对塞勒姆港历史与PEM远洋贸易身份的补位价值突出。,
188,Safavid textile fragment floral pattern,萨法维花卉织物残片,Islamic‑Asian Gallery,Silk Textile,object,伊斯兰丝织物,1,6.3,4.7,5.3,5,6.4,0,6.4,8.0,6.3,6.860,5.626,C,B,变,Core 5.626 落在 5.5–7.19,medium,萨法维时期丝织传统具有较强历史与工艺意义，但该件只是重复花卉纹样的残片，完整性和现场冲击受限，且伊斯兰织物并非PEM身份核心。,作为组内唯一的萨法维丝织物，其残片形制与重复花卉纹样限制了典范性，但独占该类别并为馆内亚洲叙事补入波斯丝织传统，故D居组内首位且偏高。,
189,Etruscan terracotta votive figurine,伊特鲁里亚陶制还愿小造像,Ancient Mediterranean,Terracotta,object,古代地中海陶制还愿像,1,6.2,4,5,5.7,6.8,0,6.3,8.0,5.8,6.710,5.536,C,B,变,Core 5.536 落在 5.5–7.19,medium,小型伊特鲁里亚陶制还愿像能够清楚说明神庙奉献与民间宗教实践，但此类模制陶俑通常较常见，而古代地中海收藏对PEM身份的支撑较弱。,组内唯一且位列第一，作为伊特鲁里亚神庙还愿陶像的典型实例具有较高类别独特性，并为PEM非核心但必要的古代地中海宗教叙事补位。,
190,"Venetian glass drinking goblet, 17th‑century",17世纪威尼斯玻璃高脚杯,European Decorative Arts,Glass Vessel,object,威尼斯玻璃器皿,1,6.2,4.1,6,5.9,5.9,0,6.4,8.3,5.2,6.730,5.608,B,B,,Core 5.608 落在 5.5–7.19,medium,17世纪威尼斯吹制玻璃承载重要工艺传统，透明高脚杯也具轻盈美感，但简介显示其为普通作坊产品，且欧洲装饰艺术不是PEM的核心优势。,组内唯一的威尼斯玻璃器，因独占该类别而获较高D，但普通作坊制透明高脚杯的典范性有限，且对PEM核心海贸与亚洲叙事仅有辅助补位作用。,
191,American folk carved animal figure,美国民间木雕小动物,American Decorative Arts,Painted Wood,object,美国民间木雕小件,2,4.8,4.5,5.4,6,5.1,0,6.1,7.2,5.3,6.270,5.187,C,C,,Core 5.187 < 5.5,medium,彩绘木雕小动物以亲切造型和民间趣味提升游客吸引力，但作为常见装饰小件，其历史分量、叙事深度及对PEM馆藏身份的贡献都较有限。,组内居首，彩绘动物兼具立体造型与鲜明民间趣味，比功能性的鼻烟盒更具代表性和不可替代性。,
192,Chinese Qing‑dynasty scholar’s rock miniature,清代文人小供石,Asian Export Art Gallery,Stone Ornament,object,中国外销文人式陈设,1,5.7,6.2,5.7,6.1,6.7,0,6.6,8.4,8.1,7.440,6.209,B,B,,Core 6.209 落在 5.5–7.19,medium,清代小型供石把中国文人赏石传统转化为西方收藏者可接受的陈设品，单件虽不宏大，却能有效讲述跨文化消费，并契合PEM的亚洲外销艺术核心。,作为组内唯一对象，它以面向西方收藏者的微型供石呈现文人审美的外销转译，品质典范性中上而独特性与叙事补位价值较高。,
193,Japanese bamboo flower vase,日本竹制花入,Japanese Art Gallery,Bamboo Craft,object,日本竹工艺,1,5.8,6.1,6.2,5.9,5.8,0,6.2,8.2,6.6,6.880,6.058,C,B,变,Core 6.058 落在 5.5–7.19,low,手编花入体现日本竹工艺与町家花道生活传统，并契合PEM东亚收藏方向，但缺少年代、作者或名家传承信息，暂按制作较佳的常规工艺品评价。,组内仅此一件，作为日本竹编花道器具的唯一代表而获较高D，并为PEM东亚艺术叙事补充町屋生活与花道工艺一环，但典范性尚属中上。,
194,Māori woven basket,毛利编织储物篮,Oceanic Art Gallery,Plant‑Fiber Textile,object,大洋洲植物纤维编织品,3,5.8,6.4,5.3,5.6,6.5,0,6.4,4.8,7.0,6.040,5.974,C,B,变,Core 5.974 落在 5.5–7.19,low,毛利日用植物纤维篮能具体呈现大洋洲原住民的材料知识与日常生活，且符合PEM核心收藏传统，但作为实用常见器型的单件不可替代性有限。,毛利日常携物篮能补充地域与生活叙事，但与汤加篮形制重复较多，故组内独特性居末。,
195,Salem ship‑captain’s brass seal stamp,塞勒姆船长黄铜私章,Maritime Gallery,Brass Artifact,object,塞勒姆航海文书器具,1,6.2,6.8,4.8,5.5,7,0,6.4,8.4,8.2,7.360,6.271,B,B,,Core 6.271 落在 5.5–7.19,low,船长私章直接关联塞勒姆远洋贸易人员及船务文书实践，能够有效服务PEM的海事起源叙事，但小型黄铜器的现场视觉冲击较弱。,作为组内唯一的船长文书私章，其工艺与历史地位属中上，但在同类中无重复竞争，并能独特补足PEM塞勒姆远洋贸易叙事中的文书认证与船长实务环节。,
196,Miniature watercolor of Yin Yu Tang courtyard,荫余堂庭院微型水彩稿,Yin Yu Tang Courtyard,Watercolor on Paper,object,荫余堂建筑记录图稿,1,5.3,6.1,4.9,5.3,6.7,0,6.4,8.6,8.8,7.540,5.874,B,B,,Core 5.874 落在 5.5–7.19,low,该微型水彩稿可辅助解释荫余堂庭院格局及建筑记录过程，叙事价值高于其独立艺术价值，且并非这座标志性民居本体。,组内仅此一件，虽属实用性强于艺术典范性的记录图稿，但其对荫余堂庭院格局的独有呈现为全馆标志性建筑补足了图像化解读，故D与G偏高。,
