seq,名称,旧档,新档,旧 Core,新 Core,ΔCR,ΔHS,ΔIU,ΔVI,ΔVA,ΔCE,旧组,新组,新组件数,新组含新增展品,主因推断
4,"Spilum, Pair Portraits of Captain Wheatland & Wife",S,A,8.55,8.1,0.11,-0.5,-0.2,-1.3,-0.7,-0.1,中国外销油画肖像,中国外销肖像油画,2,,阶段一换了打分者
5,"Fitz Henry Lane, Twilight on the Kennebec",A,B,8.11,7.04,-1.1,-0.6,-1.8,-0.7,-0.9,-1.0,美国光亮主义海景画,美国光亮主义海景油画,1,,阶段一换了打分者
9,"Edo Jizō Bosatsu Wood Sculpture, 1279",S,A,8.81,8.36,-0.21,-0.1,-1.4,0.2,-0.6,0.0,日本佛教木雕,日本镰仓佛教木雕,1,,阶段一换了打分者
11,"Josh Simpson, Mega‑Megaplanet Glass Sphere",A,B,7.41,6.99,-0.49,-0.8,0.2,0.0,-0.2,-1.6,美国工作室玻璃,美国当代艺术玻璃,1,,阶段一换了打分者
14,"Childe Hassam, New England Autumn Landscape",A,B,7.31,6.12,-0.29,-0.6,-2.8,-0.6,-0.5,-1.2,美国风景油画,美国油画,4,,阶段一换了打分者
15,"Robert Feke, Portrait of Judge Richard Saltonstall",A,B,7.79,7.03,0.08,-0.1,-2.8,-0.3,0.1,-0.1,美国肖像油画,美国油画,4,,阶段一换了打分者
16,"Fidelia Bridges, Pastures by the Sea",A,B,7.25,5.93,-1.67,-1.2,-1.9,-1.3,-1.3,-0.3,美国风景油画,美国油画,4,,阶段一换了打分者
18,"John Singer Sargent, Portrait of Sarah Lawrence Brooks",A,B,7.75,6.82,-1.1,-0.2,-2.0,-0.4,-0.1,-1.4,美国肖像油画,美国油画,4,,阶段一换了打分者
24,"Katsumata Chieko, Pumpkin ceramic sculpture",A,B,7.65,6.71,-0.3,-0.6,-0.9,-1.1,-1.1,-1.6,日本当代陶艺,当代日本陶瓷雕塑,1,,阶段一换了打分者
25,Joseon folding screen landscape painting,A,B,7.28,6.51,-0.66,0.0,-1.5,-0.7,-0.8,-0.7,朝鲜屏风画,朝鲜山水屏风画,1,,阶段一换了打分者
35,Canton painted fan for western lady,A,B,7.49,6.93,-0.57,0.0,-1.0,-0.5,-0.7,-0.5,中国外销扇,中国外销折扇,1,,阶段一换了打分者
37,Mughal painted manuscript leaf,A,B,7.2,7.11,-0.15,0.8,-0.6,-0.3,-0.3,0.0,南亚纸本细密画,南亚宫廷绘画与外销艺术,1,,阶段一换了打分者
38,"Sinhalese ivory combs, export set",A,B,7.5,6.63,-0.5,-0.5,-1.3,-0.5,-1.1,-1.0,南亚外销象牙器,南亚外销工艺品,1,,阶段一换了打分者
54,Sam Maloof walnut rocking chair,A,B,7.37,6.59,-0.85,-0.1,-1.3,-0.7,-0.7,-0.9,美国现代工艺家具,美国现代手工家具,1,,阶段一换了打分者
55,J.O.J. Frost folk painting of Salem harbor,A,B,7.22,6.88,-0.79,0.1,-0.7,-0.4,0.0,-0.3,塞勒姆地方民间绘画,塞勒姆地方历史绘画,1,,阶段一换了打分者
62,Marquesan carved ceremonial adze,A,B,7.26,7.1,0.37,0.0,-0.5,0.0,0.0,-0.5,大洋洲仪式木雕,大洋洲仪式石木工具,1,,阶段一换了打分者
65,19‑century Chinese export reverse‑glass painting,A,B,7.32,7.1,-0.94,0.5,0.0,-0.5,0.0,-1.0,中国外销玻璃画,中国外销玻璃背画,2,,阶段一换了打分者
66,Chinese export ivory puzzle ball,A,B,7.56,7.15,0.42,0.5,-1.0,-0.5,0.0,-1.5,中国外销象牙雕,中国外销象牙雕,1,,阶段一换了打分者
71,Nantucket whaling‑scene scrimshaw whalebone,A,B,7.49,7.13,0.2,0.5,-1.0,-0.5,-0.5,-0.5,美国捕鲸骨雕,新英格兰捕鲸时期鲸骨雕,1,,阶段一换了打分者
74,Felix Beato photograph of Chinese city gate,A,B,7.26,6.36,-1.78,-0.5,-1.2,-0.4,-0.8,-1.0,19世纪中国早期摄影,19世纪中国纪实摄影,4,是,阶段一换了打分者
75,John Thomson photograph of Canton street scene,A,B,7.55,7.05,-0.74,0.4,-1.3,-0.8,0.0,-0.4,19世纪中国早期摄影,19世纪中国纪实摄影,4,是,阶段一换了打分者
77,Hawaiian wooden surfboard fragment,A,B,7.46,6.98,-0.25,-0.8,-0.9,0.1,-0.4,-0.2,波利尼西亚传统木制器物,大洋洲传统木制交通与运动器物,1,,阶段一换了打分者
85,"Martin Johnson Heade, Small Bird‑and‑Blossom Study",B,C,5.87,4.99,-1.79,-0.5,-0.8,-1.2,-1.2,-0.3,美国花卉与植物题材绘画,美国自然题材油画,2,,阶段一换了打分者
86,"Fidelia Bridges, Floral Watercolor",B,C,6.16,4.68,-0.93,-0.7,-2.3,-1.4,-0.9,-2.2,美国花卉与植物题材绘画,美国植物题材纸本水彩,1,,阶段一换了打分者
89,"John Trumbull, Portrait Study",B,C,5.63,5.33,-0.13,-0.1,-0.3,-0.6,-0.2,-0.5,美国人物题材习作,美国历史人物油画习作,1,,阶段一换了打分者
90,"Georgia O’Keeffe, Leaf Study",B,C,6.32,5.43,-1.88,-0.4,-1.0,-1.0,-0.7,-0.8,美国花卉与植物题材绘画,美国自然题材油画,2,,阶段二：重新分组
96,Chippendale candle‑stand,B,C,5.75,5.07,-1.74,-0.3,-0.7,-0.5,-0.7,-0.6,新英格兰历史木家具,塞勒姆联邦时期木家具,2,,阶段一换了打分者
97,Paint‑decorated blanket chest,B,C,5.88,5.47,-0.43,0.2,-0.6,-0.9,-0.7,-0.1,新英格兰民间彩绘木作,新英格兰民间彩绘木家具,1,,阶段二：重新分组
98,"Samuel Maloof, small side stool",B,C,5.95,4.82,1.08,-0.7,-1.5,-1.8,-1.8,-1.2,美国现代工艺家具,美国现代工艺木家具,1,,阶段一换了打分者
107,Chinese export gouache insect‑and‑flower album leaf,B,C,6.35,5.28,-0.78,-1.0,-1.5,-1.3,-1.1,-0.4,中国外销水粉画,中国外销纸本水粉画,1,,阶段一换了打分者
134,Hawaiian carved wooden bowl,B,C,5.58,5.12,-0.97,-0.4,-0.7,-0.3,-0.2,-0.2,大洋洲雕刻木容器,大洋洲雕刻木器,5,,阶段一换了打分者
135,Hawaiian stone fishing sinker set,B,C,5.69,4.61,-1.84,-0.5,-1.7,-0.8,-1.0,-0.7,大洋洲石制工具,大洋洲石制工具与渔具,2,,阶段一换了打分者
137,Māori wooden food storage box,B,C,6.17,5.39,-1.49,0.0,-1.2,-0.9,-0.8,-0.5,大洋洲雕刻木容器,大洋洲雕刻木器,5,,阶段二：重新分组
141,Tongan woven basket,B,C,5.95,5.24,-0.86,-0.8,-0.9,-0.6,-0.6,-0.4,大洋洲植物纤维编织品,大洋洲植物纤维编织物,2,,阶段一换了打分者
142,New Hebrides spirit mask fragment,B,C,5.54,5.43,2.58,0.2,-0.8,-0.7,-0.2,-0.5,大洋洲仪式木雕,大洋洲仪式面具,1,,阶段一换了打分者
145,Scrimshaw walrus tusk small piece,B,C,5.56,5.45,0.16,0.0,0.5,-1.2,-0.8,0.3,海事牙骨雕刻,海事鲸捕与海象牙刻制品,1,,阶段一换了打分者
146,Whalebone bus‑k corset stay,B,C,5.6,4.43,-1.45,-1.4,-0.4,-1.1,-1.5,-1.7,捕鲸材料制日用器,海事鲸捕与鲸骨日用器物,1,,阶段一换了打分者
148,Lead ship’s sounding weight,B,C,5.55,5.46,0.61,-0.3,0.9,-0.8,-0.9,-0.4,航海仪器与船用工具,海事航海测量工具,1,,阶段一换了打分者
157,19th‑century travel album page,B,C,5.69,3.88,-0.18,-0.7,-3.3,-1.5,-2.1,-1.9,塞勒姆旅行摄影与相册,美国旅行纪念蛋白照片,1,,阶段一换了打分者
160,Mamluk brass inlaid small tray,B,C,5.61,5.25,-0.01,-0.2,-0.2,-0.7,-0.5,-0.6,伊斯兰金属器,伊斯兰嵌饰黄铜器,1,,阶段一换了打分者
173,Dutch delft blue‑and‑white tile group,B,C,5.95,4.8,-3.04,-0.3,-1.4,-0.2,-1.1,-1.6,欧洲装饰陶瓷,欧洲陶瓷餐具与装饰陶瓷,2,,阶段一换了打分者
175,Small Josh Simpson planet marble,B,C,6.12,4.78,-0.66,-1.2,-0.7,-1.5,-2.0,-2.2,当代艺术玻璃,当代艺术玻璃,2,,阶段一换了打分者
179,Salem witch‑trial era brass thimble,B,C,6.08,5.08,-0.81,-1.2,-0.8,-1.3,-0.6,-1.3,塞勒姆历史考古器物,塞勒姆殖民时期日用小件,1,,阶段一换了打分者
180,18th‑century shoe buckle silver,B,C,5.5,4.34,-0.18,-0.7,-1.8,-1.3,-1.2,-1.2,美国殖民时期银器,殖民时期银质个人饰品,1,,阶段一换了打分者
182,Chinese export bamboo folding fan,B,C,5.85,5.08,0.66,-0.3,-1.2,-1.7,-0.8,-0.7,中国外销扇,中国外销扇类,1,,阶段一换了打分者
185,Polynesian shell neck ornament,B,C,6.09,5.06,-0.94,-0.6,-1.3,-0.9,-1.1,-1.3,大洋洲贝壳首饰,波利尼西亚贝壳首饰,1,,阶段一换了打分者
189,Etruscan terracotta votive figurine,B,C,5.54,5.42,-0.51,0.8,0.0,-1.0,-0.7,0.2,古代地中海陶制还愿像,伊特鲁里亚陶制祭祀器物,1,,阶段一换了打分者
190,"Venetian glass drinking goblet, 17th‑century",B,C,5.61,5.1,-0.73,-0.2,-1.1,0.0,0.1,-0.9,威尼斯玻璃器皿,十七世纪意大利玻璃器皿,1,,阶段一换了打分者
31,Tahitian carved war club,B,A,7.03,7.46,0.84,1.0,0.2,0.5,0.1,0.1,大洋洲木雕,大洋洲木雕武器,1,,阶段一换了打分者
56,Salem witch‑trial period court document manuscript,B,A,7.02,7.75,0.24,1.6,1.1,-0.8,0.5,1.0,塞勒姆历史手稿文献,塞勒姆地方历史原始文献,1,,阶段一换了打分者
111,Anglo‑Indian sandalwood casket,C,B,5.48,5.62,0.32,0.3,-0.2,0.5,0.3,-0.2,印度外销镶嵌木作,南亚外销镶嵌木作,2,,阶段一换了打分者
128,"Hiroshige, miscellaneous station print",B,A,6.89,7.24,1.72,0.1,-0.1,0.6,0.4,0.2,日本浮世绘版画,日本浮世绘版画,3,,阶段二：重新分组
131,Joseon embroidered floral rank badge fragment,C,B,4.86,5.93,2.93,1.7,0.8,0.2,0.4,1.0,朝鲜王朝服饰刺绣,朝鲜王朝官服织物,1,,阶段一换了打分者
1,"Yin Yu Tang, Chinese Merchant House",S,S,9.55,9.85,0.1,-0.2,0.0,0.6,0.5,0.2,历史宅邸建筑,海外迁建中国历史建筑,1,,
2,"Nanban Byobu, Portuguese Trade Arrival Screen",S,S,9.24,9.06,-0.12,-0.1,-0.3,-0.2,0.1,-0.4,日本屏风画,日本南蛮贸易屏风画,1,,
3,Hawaiian Kū War God Figure,S,S,9.33,9.25,0.22,-0.2,-0.5,-0.3,0.0,0.7,大洋洲仪式木雕,夏威夷仪式木雕人像,1,,
6,"John Singleton Copley, Portrait of Sarah Erving Waldo",A,A,7.88,7.24,-0.74,0.1,-0.9,-0.8,-0.7,-0.9,美国殖民地肖像画,美国殖民地肖像油画,1,,
7,"Rush Figurehead, USS Frigate",S,S,9.08,9.15,-0.05,-0.7,-0.4,0.8,1.1,0.2,美国海事木雕,美国早期海军船首像,1,,
8,Chinese Export Mandarin Punch Bowl,A,A,8.71,8.45,-0.07,-1.2,0.3,-0.5,0.2,-0.3,中国外销瓷,中国外销纹章瓷,1,,
10,"Samuel McIntire, Gardner‑Pingree House architectural carvings",A,A,8.39,7.47,0.34,-1.5,-0.8,-1.2,-1.4,-0.7,塞勒姆联邦风格建筑木雕,塞勒姆联邦风格原位建筑木雕,1,,
12,Korean Joseon Governor Welcoming Banquet Screen,A,A,8.94,8.28,-0.06,-0.8,-1.0,-0.8,-0.4,-0.4,朝鲜王朝屏风画,朝鲜官署纪事屏风画,1,,
13,Maori War Treasure Jade Mere,A,A,8.04,7.65,-0.06,-0.4,-0.5,-0.4,-0.2,-0.6,大洋洲礼仪兵器,大洋洲玉石武器,1,,
17,"Samuel McIntire, carved fireplace surround",A,A,8.53,7.46,-1.25,-1.3,-1.1,-1.0,-0.7,-0.7,塞勒姆历史宅邸室内构件,塞勒姆联邦时期建筑木雕,1,,
19,"Josh Simpson, smaller planet glass orb",B,B,6.05,5.99,0.18,0.2,0.0,0.2,-0.2,-0.8,当代艺术玻璃,当代艺术玻璃,2,,
20,Chinese Export porcelain dinner service partial set,A,A,7.41,7.52,0.2,0.2,0.5,-0.2,-0.1,-0.2,东亚外销瓷,亚洲外销瓷,2,,
21,Japanese Arita blue‑and‑white charger plate,A,A,7.99,7.39,-0.74,-0.5,-0.8,-0.3,-0.1,-1.1,东亚外销瓷,亚洲外销瓷,2,,
22,Japanese netsuke rabbit by Naito Toyomasa,A,A,8.19,7.38,-0.07,-0.6,-1.0,-1.7,-0.3,-0.9,日本根付,日本根付,1,,
23,Edo period medicine‑shop kanban signboard,A,A,8.03,7.58,-0.31,-0.6,-0.6,0.0,-0.2,-0.8,日本商业招牌,江户商业招牌,1,,
26,"Hank Willis Thomas, Rich Black Specimen #460",A,A,7.49,7.61,0.67,0.4,-0.4,0.6,0.3,-0.4,美国当代雕塑与装置,美国当代观念雕塑,1,,
27,Salem ship portrait: “Friendship of Salem”,A,A,8.24,7.96,-0.31,-0.8,0.1,-0.2,-0.3,-0.2,美国船舶肖像画,塞勒姆海事船舶肖像画,2,,
28,Brass Pakistani Astrolabe,A,A,7.54,7.66,0.16,0.8,-0.6,0.2,0.2,0.2,航海与天文仪器,伊斯兰科学与航海仪器,1,,
29,"Valerie Hagerty, Shipwrecked Armoire with Barnacles",A,A,7.9,8.26,0.31,0.7,0.5,0.6,0.0,-0.2,美国当代雕塑与装置,海事主题当代家具雕塑,1,,
30,1803 ship‑wreck calendar stick,A,A,7.61,7.62,0.29,0.2,-0.4,0.3,0.1,-0.1,美国海事民俗器物,美国海事民俗器物,1,,
32,Fiji carved spirit figure,A,A,7.91,8.21,0.35,0.6,-0.1,0.5,0.2,0.5,大洋洲木雕,大洋洲祖灵木雕,1,,
33,New Zealand Māori carved treasure box (waka huia),A,A,7.97,8.41,0.06,0.8,0.0,0.7,0.8,0.3,大洋洲木雕,毛利雕刻珍宝盒,1,,
34,Chinese export gouache painting set of trades,A,A,7.51,8.01,0.57,0.6,0.8,0.3,0.6,-0.1,中国外销绘画,中国外销水粉画,1,,
36,Spilum portrait of Chinese merchant,A,A,8.24,7.73,-1.04,-0.5,-0.5,-0.2,-0.7,-0.3,中国外销绘画,中国外销肖像油画,2,,
39,Edo period noblewoman palanquin (onna norimono),A,A,8.43,8.44,-0.08,0.0,0.2,-0.2,0.0,0.0,日本漆艺仪仗与交通器,日本江户时代贵族生活与漆器器物,1,,
40,18‑century Japanese dragonfly‑design kabuto helmet,A,A,7.85,7.61,-0.62,0.0,-0.2,0.0,-0.7,-0.2,日本武具,日本武家甲胄与武具,1,,
41,Japanese ukiyo‑e complete Hokusai print set partial,A,A,7.38,7.34,-0.61,0.9,-0.4,-0.2,0.0,-0.2,日本浮世绘版画,日本江户时代浮世绘版画,2,,
42,Hiroshige Tokaido set partial,A,A,7.48,7.45,-1.2,0.8,-0.4,0.2,0.0,0.0,日本浮世绘版画,日本江户时代浮世绘版画,2,,
43,Joseon dynasty brass ritual incense burner,B,B,7.06,7.14,-0.01,0.1,0.2,0.0,-0.4,0.5,朝鲜传统金工,朝鲜王朝礼仪金工器,1,,
44,Nam June Paik small video‑art sculpture,A,A,7.67,7.65,0.5,0.0,0.4,-0.9,-0.3,0.1,韩国现当代艺术,韩国现代媒体艺术,1,,
45,American Federal mahogany sideboard,B,B,6.76,7.03,-0.58,0.4,0.4,0.4,0.2,0.4,新英格兰历史家具,塞勒姆与新英格兰联邦时期家具,2,,
46,Chippendale‑style Salem high‑boy chest,A,A,7.37,7.28,-1.08,0.0,0.0,0.1,-0.1,0.1,新英格兰历史家具,塞勒姆与新英格兰联邦时期家具,2,,
47,"Paint‑decorated grandfather clock, New England folk",A,A,7.42,7.36,-0.7,-0.1,0.1,0.3,-0.2,-0.1,新英格兰历史家具,新英格兰民间装饰艺术家具,1,,
48,Paul Revere silver creamer sugar bowl pair,A,A,7.55,7.33,-0.8,-0.1,0.1,-0.4,0.0,-0.6,美国殖民与联邦时期银器,美国殖民与联邦时期银器,1,,
49,Samuel McIntire carved sheaf‑of‑wheat motif fragment,B,B,5.87,6.63,0.51,1.6,0.9,0.4,0.6,0.1,塞勒姆建筑木雕构件,塞勒姆联邦时期建筑雕刻构件,1,,
50,Winslow Homer small watercolor coastal study,B,B,6.77,6.07,-0.07,1.1,-2.3,-0.6,-0.5,-1.2,美国海事水彩画,美国画家海岸题材水彩,1,,
51,John Trumbull preparatory sketch for revolution scene,B,B,6.36,6.24,-0.16,1.3,-1.2,-0.2,-0.4,0.2,美国历史题材油画与习作,美国历史画构图草稿,1,,
52,Martin Johnson Heade hummingbird small study,B,B,6.29,6.0,-0.89,1.1,-1.1,-0.1,-0.4,-0.5,美国花卉与自然题材油画,美国花卉与鸟类题材油画,2,,
53,Georgia O’Keeffe small floral painting,B,B,6.88,6.63,-0.41,1.3,-0.9,-0.6,-0.4,-0.6,美国花卉与自然题材油画,美国花卉与鸟类题材油画,2,,
57,Chinese export lacquer gaming table,A,A,7.73,7.23,-1.71,0.4,-0.7,-0.5,-0.3,-0.7,亚洲外销家具,亚洲外销家具,3,,
58,Japanese export lacquer writing desk,A,A,7.65,7.67,0.59,0.8,-0.5,0.1,-0.3,-0.3,亚洲外销家具,亚洲外销家具,3,,
59,Indian Vizagapatam ivory‑inlaid cabinet,A,A,8.02,7.44,-1.28,0.0,-1.1,0.0,-0.3,-0.9,亚洲外销家具,亚洲外销家具,3,,
60,Korean Joseon textile official rank badge,B,B,7.18,6.98,0.01,0.7,-0.9,-0.7,-0.2,0.1,朝鲜王朝服饰刺绣,东亚官服与身份标识织物,1,,
61,Hawaiian feather cape fragment,B,B,6.29,6.73,0.15,1.5,0.5,-0.5,0.5,0.0,大洋洲羽毛与纤维艺术,夏威夷羽毛礼仪织物,1,,
63,Tonga carved wooden drinking bowl,B,B,6.77,6.33,0.58,-0.5,-1.0,0.0,-0.5,-0.5,大洋洲仪式木雕,大洋洲仪式木雕器皿,1,,
64,"New Britain mask, Melanesia",A,A,8.06,7.66,-0.21,-0.5,-0.5,0.0,0.0,-1.0,大洋洲仪式木雕,美拉尼西亚仪式面具,1,,
67,Edo period samurai yoroi partial armor set,B,B,6.89,6.41,0.98,0.5,-1.5,0.0,-0.5,-1.5,日本武具,日本武士甲胄,1,,
68,Japanese ceramic tea‑ceremony bowl (chawan),B,B,6.62,6.01,-0.5,-0.5,-1.5,0.0,0.0,-0.5,日本茶道陶瓷,日本茶道陶瓷,1,,
69,Rajput hunting miniature,B,B,6.28,5.59,-0.41,-0.5,-1.0,-0.5,-0.5,-1.0,南亚宫廷细密画,印度拉杰普特细密画,1,,
70,Persian Qajar painted tile panel,B,B,6.42,6.03,0.1,-0.5,0.0,0.0,-1.0,-1.0,伊朗釉陶与建筑陶砖,卡扎尔波斯彩绘陶砖,1,,
72,Ship‑model of Salem trading brig “Cleopatra”,A,A,8.17,8.42,-0.53,0.5,0.5,0.0,0.0,0.5,塞勒姆商船船模,塞勒姆海事船模,1,,
73,18th‑century American whale‑oil lamp,B,B,6.26,6.42,0.07,-0.1,0.7,-0.1,0.2,-0.1,新英格兰海事生活器物,美国新英格兰海事生活器物,1,,
76,Salem sampler needlework girl’s schoolwork,B,B,6.38,6.47,0.44,-0.2,0.5,0.2,-0.1,-0.3,新英格兰刺绣样本,新英格兰女性针绣样本,1,,
78,Samoan fine woven ceremonial mat,A,A,7.62,7.93,0.06,0.1,0.4,0.5,1.1,-0.4,大洋洲植物纤维仪式织物,大洋洲仪式编织席,1,,
79,Joseon dynasty brass temple bell fragment,B,B,6.0,6.28,-0.26,1.1,0.1,-0.5,0.5,0.4,韩国佛教金属器,朝鲜王朝佛教金属器,1,,
80,American folk carved weather‑vane figure,B,B,6.56,6.4,-0.29,-0.2,-0.4,0.5,0.1,-0.6,新英格兰民间木雕,新英格兰民俗木雕,1,,
81,"Fitz Henry Lane, Small Coastal Sketch",B,B,6.61,6.63,0.07,0.3,0.3,-0.9,-0.2,0.3,美国海事风景画,美国艺术油画习作,2,,
82,"Robert Feke, Portrait of Gentleman",B,B,6.47,5.69,-0.35,-0.8,-0.8,-0.5,-1.2,-0.9,美国殖民时期油画肖像,美国殖民时期肖像画,1,,
83,"John Singleton Copley, Portrait Miniature",B,B,6.91,6.76,0.02,0.6,-0.3,-1.2,0.2,-0.3,美国肖像细密画,美国早期肖像细密画,1,,
84,"Childe Hassam, Flower Garden Study",B,B,6.59,6.08,-1.62,0.2,-0.7,0.0,-1.0,-0.4,美国印象派油画,美国艺术油画习作,2,,
87,"J.O.J. Frost, Fisherman’s Cottage Scene",B,B,6.65,5.99,-0.63,-0.7,-1.4,-0.3,-0.2,-0.2,新英格兰地方民间绘画,塞勒姆地方生活题材绘画,1,,
88,"Winslow Homer, Figure Sketch",C,C,5.08,5.23,0.92,0.8,0.1,-0.7,0.2,-0.3,美国人物题材习作,美国人物题材纸本速写,1,,
91,"Samuel McIntire, Door‑frame carving fragment",B,B,6.17,6.84,0.14,1.1,0.8,0.8,0.5,0.3,塞勒姆联邦时期建筑木雕构件,塞勒姆新古典主义建筑木雕,2,,
92,"Samuel McIntire, urn‑motif decorative trim",B,B,6.13,5.83,-0.9,0.2,-0.1,-0.1,-0.8,-0.6,塞勒姆联邦时期建筑木雕构件,塞勒姆新古典主义建筑木雕,2,,
93,"Paul Revere, Silver Teaspoon Set",B,B,6.29,6.15,-0.15,0.1,0.2,-0.5,-0.5,-0.3,新英格兰历史银器,保罗·里维尔银器,2,,
94,"Paul Revere, Silver Salt Cellar",B,B,6.25,5.54,-2.04,-0.2,-0.2,-1.3,-0.9,-0.6,新英格兰历史银器,保罗·里维尔银器,2,,
95,Salem Federal‑era mahogany card table,B,B,6.61,6.53,-0.7,0.1,-0.3,0.3,0.0,0.0,新英格兰历史木家具,塞勒姆联邦时期木家具,2,,
99,Tiffany favrile glass tumbler,B,B,6.23,6.02,-0.45,0.4,-0.5,-0.5,-0.4,0.1,美国艺术玻璃,美国艺术玻璃器,1,,
100,American brass and iron andiron pair,C,C,5.23,4.57,0.38,-0.2,-1.0,-1.0,-0.9,-0.8,美国壁炉金工,美国联邦时期黄铜铁制壁炉器具,1,,
101,"Salem girl’s needlework sampler, 1792",B,B,6.54,5.94,-0.51,-0.3,-0.8,-0.8,-1.1,0.0,新英格兰刺绣样本,新英格兰刺绣样本,1,,
102,Folk carved wooden eagle finial,C,C,5.04,3.52,-0.57,-0.9,-1.7,-2.2,-2.2,-1.3,新英格兰民间彩绘木作,新英格兰民间彩绘木装饰件,1,,
103,Chinese Canton export rose medallion plate,B,B,6.24,5.93,-0.41,0.0,-0.5,-0.3,-0.1,-0.6,中国外销瓷,中国广彩外销瓷器,2,,
104,Chinese Canton export porcelain teacup saucer group,B,B,6.47,6.33,-0.41,-0.1,-0.6,-0.4,0.7,0.2,中国外销瓷,中国广彩外销瓷器,2,,
105,"Chinese export silver spoon set, Forbes collection",B,B,6.64,6.07,-1.99,-0.4,-0.1,-1.0,-0.9,0.1,中国外销银器,中国外销银器,2,是,
106,Chinese export lacquer sewing box,B,B,6.78,6.28,-0.59,-0.3,-0.8,-0.7,-0.6,0.1,中国外销漆器,中国外销漆器,1,,
108,Chinese reverse glass portrait of merchant’s wife,B,B,6.7,5.88,-2.49,-0.3,-0.8,-0.7,-0.5,-0.9,中国外销玻璃背画,中国外销玻璃背画,2,,
109,Chinese ivory export figurine of lady,B,B,5.74,5.96,0.31,0.3,0.7,-0.2,-0.4,0.3,亚洲外销象牙雕,亚洲外销象牙雕,4,,
110,Chinese ivory puzzle ball small size,B,B,6.6,6.59,0.16,0.2,0.2,-0.6,-0.1,-0.1,亚洲外销象牙雕,亚洲外销象牙雕,4,,
112,Indian Vizagapatam small writing box,B,B,6.39,6.56,0.03,0.5,0.2,0.0,-0.1,0.2,印度外销镶嵌木作,南亚外销镶嵌木作,2,,
113,Mughal ivory small animal group,C,C,5.41,5.48,-0.92,0.6,0.1,0.3,0.1,-0.3,亚洲外销象牙雕,亚洲外销象牙雕,4,,
114,Mughal miniature portrait of court attendant,B,B,6.09,6.46,-0.6,0.2,0.8,0.7,0.3,0.3,印度纸本细密画,南亚细密画,2,,
115,Rajput landscape miniature,B,B,5.79,6.1,-0.6,0.2,0.7,0.6,0.2,0.3,印度纸本细密画,南亚细密画,2,,
116,Sinhalese carved ivory hair ornament,B,B,6.41,6.27,-0.89,0.3,-0.2,0.1,0.0,-0.5,亚洲外销象牙雕,亚洲外销象牙雕,4,,
117,Japanese Arita blue‑and‑white small vase,B,B,5.91,6.35,-0.48,0.8,0.5,0.8,0.3,0.2,日本外销瓷器,日本外销瓷器,2,,
118,Japanese Imari covered bowl,B,B,6.37,6.69,-0.65,0.5,0.3,0.7,0.7,0.0,日本外销瓷器,日本外销瓷器,2,,
119,Japanese lacquer export small cabinet drawer unit,B,B,6.78,6.58,-0.51,0.1,-0.2,-0.1,-0.6,-0.1,日本外销漆器,日本外销漆器,2,,
120,Japanese export lacquer writing box,B,B,6.25,6.42,-1.02,0.5,0.2,0.5,0.0,0.3,日本外销漆器,日本外销漆器,2,,
121,"Netsuke rat, signed Edo work",B,B,6.16,6.79,1.9,0.9,0.7,0.1,0.2,0.3,日本根付,日本江户根付,2,,
122,"Netsuke tortoise, unsigned",B,B,5.95,5.72,-0.77,-0.2,0.1,-0.1,-0.1,-0.7,日本根付,日本江户根付,2,,
123,Edo period wooden medicine box,B,B,5.63,5.65,-0.35,0.2,0.4,0.1,-0.6,-0.1,日本江户日用木器,日本江户民用木器,1,,
124,Edo bronze censer with floral relief,B,B,5.81,6.02,0.42,0.4,0.2,0.4,0.0,-0.2,日本江户日用金工,日本江户青铜器,1,,
125,Edo period iron tea‑kettle tetsubin,B,B,5.76,5.99,-0.17,0.5,0.3,0.3,0.1,0.1,日本江户日用金工,日本江户饮茶器,1,,
126,"Ukiyo‑e beauty print, minor artist",B,B,6.23,6.22,-1.99,0.5,-0.1,0.5,0.4,-0.1,日本浮世绘版画,日本浮世绘版画,3,,
127,Katsushika Hokusai miscellaneous sketch print,B,B,6.47,6.64,0.71,0.1,-0.3,0.8,0.4,-0.2,日本浮世绘版画,日本浮世绘版画,3,,
129,Joseon dynasty white porcelain bottle,B,B,6.45,6.23,-2.37,0.0,0.0,0.1,0.5,-0.5,朝鲜王朝陶瓷,朝鲜王朝陶瓷,2,,
130,Joseon celadon small bowl,B,B,5.91,6.29,0.61,0.7,0.4,0.2,0.4,-0.1,朝鲜王朝陶瓷,朝鲜王朝陶瓷,2,,
132,Joseon bronze hand‑mirror,B,B,5.68,5.66,-0.26,0.1,0.3,-0.3,-0.2,-0.1,朝鲜王朝青铜器,朝鲜王朝青铜日用器,1,,
133,Nam June Paik small TV‑object study,B,B,5.88,5.68,0.44,0.6,0.1,-1.3,-0.8,-0.5,韩国当代影像与综合媒介艺术,韩国当代媒介艺术,1,,
136,Hawaii woven mat fragment,B,B,5.94,5.55,-0.45,-0.4,-0.1,-1.2,-0.7,0.3,大洋洲植物纤维编织品,大洋洲植物纤维编织物,2,,
138,Māori stone adze implement,B,B,6.16,5.52,-1.0,-0.1,-1.1,-0.3,-0.5,-0.8,大洋洲石制工具,大洋洲石制工具与渔具,2,,
139,Marquesan small ancestor carving,B,B,6.57,6.49,1.18,0.2,-0.6,-0.3,-0.5,0.2,大洋洲仪式木雕,大洋洲雕刻木器,5,,
140,Fijian carved wooden bowl,B,B,6.66,6.49,-0.57,0.5,-0.5,-0.2,-0.3,-0.1,大洋洲雕刻木容器,大洋洲雕刻木器,5,,
143,Rapa Nui carved wooden statuette,B,B,6.3,5.67,-0.04,-0.2,-1.3,-0.9,-0.5,-0.4,大洋洲仪式木雕,大洋洲雕刻木器,5,,
144,"Scrimshaw whale tooth, sailing‑ship motif",B,B,6.92,6.73,-0.11,-0.6,0.3,-0.5,0.0,-0.4,海事鲸牙雕刻,新英格兰海事鲸骨雕,1,,
147,Brass ship compass working example,B,B,6.15,6.4,-0.41,0.2,1.3,-0.7,-0.2,0.4,航海仪器与船用工具,海事航海仪器,1,,
149,Ship‑carpenter’s folding rule,C,C,4.98,4.53,1.35,-0.8,-0.2,-1.0,-0.7,-0.8,航海仪器与船用工具,海事船木工工具,1,,
150,Water‑colour ship portrait of minor Salem brig,B,B,5.99,5.57,-2.27,0.4,-0.1,-0.6,-0.7,-0.3,塞勒姆船舶肖像画,塞勒姆海事船舶肖像画,2,,
151,Model of small coastal schooner,B,B,5.93,5.9,-0.14,-0.2,0.5,-0.1,-0.4,-0.2,船模,海事帆船模型,1,,
152,19th‑century whale‑oil lantern,B,B,5.96,5.6,-0.39,-0.5,0.3,-0.4,-1.0,-0.6,船上照明器具,海事照明与船上生活器物,1,,
153,Salem customs‑house manuscript fragment,B,B,5.63,5.66,-1.16,0.3,0.7,-1.4,-0.2,1.0,塞勒姆海事手稿,塞勒姆海事手稿,2,,
154,Ship captain’s personal journal fragment,B,B,5.57,5.55,1.03,0.4,-0.1,-1.6,0.3,0.1,塞勒姆海事手稿,塞勒姆海事手稿,2,,
155,Felix Beato landscape photograph,B,B,6.26,6.24,0.14,0.2,0.5,-0.3,-0.2,-0.8,19世纪蛋白摄影,19世纪东亚纪实摄影,2,,
156,John Thomson street‑scene photograph,B,B,6.78,6.37,0.14,-0.1,-0.3,-1.2,-0.5,-0.5,19世纪蛋白摄影,19世纪东亚纪实摄影,2,,
158,Persian Safavid small ceramic bowl,C,C,4.94,4.75,-0.17,0.1,0.0,-0.2,-0.6,-0.5,伊斯兰陶瓷器皿,伊斯兰釉陶小型器物,1,,
159,Persian Qajar painted tile fragment,C,C,4.66,4.49,-0.58,0.1,0.3,-0.3,-0.4,-0.7,伊斯兰建筑陶砖,伊斯兰建筑釉陶砖残件,2,,
161,Ottoman calligraphic tile fragment,C,C,4.92,4.91,0.3,0.3,0.2,-0.3,-0.2,-0.5,伊斯兰建筑陶砖,伊斯兰建筑釉陶砖残件,2,,
162,Ottoman embroidered towel fragment,C,C,4.52,4.54,-0.27,0.3,0.4,-0.1,0.0,-0.6,伊斯兰刺绣织物,奥斯曼刺绣家用织物,1,,
163,Greek black‑figure kylix cup fragment,C,C,5.11,4.63,-1.72,0.1,-0.6,-0.5,-0.4,-0.3,古希腊彩绘陶器,古希腊彩绘陶器残片,2,,
164,Greek red‑figure amphora neck fragment,C,C,4.94,4.72,-0.19,0.2,-0.6,-0.3,-0.2,-0.1,古希腊彩绘陶器,古希腊彩绘陶器残片,2,,
165,Roman marble portrait bust fragment,C,C,5.06,4.5,-0.51,-0.3,-0.7,-0.5,-0.9,-0.4,古罗马大理石雕塑,古罗马大理石肖像雕塑残件,1,,
166,Roman glass perfume bottle,C,C,4.95,5.04,0.97,0.5,-0.6,0.3,0.1,-0.1,古罗马玻璃器,古罗马玻璃容器,1,,
167,Egyptian faience amulet figurine,C,C,5.22,5.03,0.39,0.3,-0.8,-0.1,-0.4,-0.1,古埃及护身符与小型造像,古埃及费昂斯护身符,1,,
168,Etruscan bronze fibula safety‑pin brooch,C,C,4.9,4.82,-0.3,0.5,-0.6,0.1,-0.1,0.0,古代地中海青铜饰件,伊特鲁里亚青铜服饰金工,1,,
169,"Italian maiolica plate, 16th‑century",C,C,5.28,4.97,-0.17,0.2,-0.6,0.3,-0.4,-1.1,欧洲装饰陶瓷,欧洲陶瓷餐具与装饰陶瓷,2,,
170,Renaissance bronze small plaquette religious theme,C,C,4.84,4.75,-0.34,0.5,-0.3,0.2,-0.7,0.0,欧洲青铜小型雕塑,欧洲文艺复兴宗教青铜小品,1,,
171,Baroque pewter drinking mug,C,C,4.48,3.33,-0.49,-0.9,-1.1,-1.3,-1.2,-1.8,欧洲锡镴器,欧洲锡镴日用器皿,1,,
172,Gothic stained‑glass floral fragment,C,C,4.77,3.67,-1.06,-0.1,-1.2,-1.0,-1.8,-1.7,欧洲彩色玻璃,欧洲教堂彩色玻璃,1,,
174,Japanese contemporary ceramic tea cup,C,C,5.32,4.74,1.21,-0.5,-0.9,-0.4,-0.3,-1.8,日本当代陶艺,日本当代陶艺,1,,
176,Contemporary mixed‑media shell assemblage artwork,C,C,4.83,3.32,0.67,-0.7,-2.2,-1.2,-2.4,-2.3,当代混合媒介艺术,当代自然主题综合媒介作品,1,,
177,Hank Willis Thomas small print work,B,B,6.24,5.69,0.07,-0.1,-0.8,-1.5,-0.2,-0.6,美国当代纸本版画,美国当代社会议题版画,1,,
178,Valerie Hagerty small cabinet study,C,C,5.12,4.35,-0.48,-0.4,-0.3,-1.1,-1.2,-1.5,当代混合媒介艺术,当代柜体与家具观念作品,1,,
181,Carved walnut snuff box,C,C,4.45,4.45,-0.67,0.5,1.2,-0.5,-0.8,-0.9,美国民间木雕小件,美国民间木雕器物,2,,
183,Japanese wood tea caddy,C,C,5.5,4.74,-0.82,-0.2,-0.5,-1.0,-1.2,-1.2,日本木质茶器,日本民间木制茶具,1,,
184,Korean iron pot for home cooking,C,C,5.49,4.13,0.08,-1.1,-1.3,-1.8,-2.2,-1.5,朝鲜传统生活铁器,朝鲜日用铁器,1,,
186,Whaling‑ship carved wooden utensil,B,B,6.48,6.3,0.49,-0.2,0.2,-1.1,-0.2,-0.3,捕鲸船上生活器物,美国民间木雕器物,2,,
187,Hand‑colored lithograph of Salem harbor,B,B,6.34,5.53,-0.8,-0.7,-0.7,-0.8,-1.0,-1.0,塞勒姆地方景观版画,塞勒姆历史图像版画,1,,
188,Safavid textile fragment floral pattern,B,B,5.63,5.61,0.24,0.7,0.3,-0.3,-1.0,-0.4,伊斯兰丝织物,萨法维波斯丝织物,1,,
191,American folk carved animal figure,C,C,5.19,5.15,-1.27,0.2,0.5,-0.4,0.0,-0.1,美国民间木雕小件,美国民间彩绘木雕,1,,
192,Chinese Qing‑dynasty scholar’s rock miniature,B,B,6.21,6.23,-0.64,0.3,-0.2,0.3,-0.1,0.3,中国外销文人式陈设,中国外销文人雅玩,1,,
193,Japanese bamboo flower vase,B,B,6.06,5.51,-0.28,0.2,-1.1,-0.2,-0.9,-0.8,日本竹工艺,日本竹工艺花器,1,,
194,Māori woven basket,B,B,5.97,5.78,0.76,0.2,-0.4,-0.3,-0.6,-0.5,大洋洲植物纤维编织品,毛利植物纤维篮筐,1,,
195,Salem ship‑captain’s brass seal stamp,B,B,6.27,6.12,0.29,-0.2,0.2,-0.8,-0.5,0.0,塞勒姆航海文书器具,塞勒姆海事个人印章,1,,
196,Miniature watercolor of Yin Yu Tang courtyard,B,B,5.87,5.53,0.26,-0.3,-0.1,-0.9,-1.3,0.3,荫余堂建筑记录图稿,荫余堂相关纸本水彩,1,,
197,Mwaash aMbooy mask,（新增）,A,,7.31,,,,,,,,非洲传统仪式面具,2,是,
198,Figure group,（新增）,B,,6.11,,,,,,,,非洲传统人物雕塑,1,是,
199,Barkcloth,（新增）,B,,6.12,,,,,,,,非洲传统纺织与树皮布,1,是,
200,Sowo-wui mask,（新增）,B,,7.18,,,,,,,,非洲传统仪式面具,2,是,
201,West African Outlook,（新增）,C,,5.24,,,,,,,,非洲现代纸本绘画,1,是,
202,Kiti cha enzi (chair of power),（新增）,A,,7.31,,,,,,,,非洲传统家具与权力器物,2,是,
203,Headrest,（新增）,B,,5.7,,,,,,,,非洲传统家具与权力器物,2,是,
204,Finger piano,（新增）,B,,6.29,,,,,,,,非洲传统乐器,1,是,
205,Drum,（新增）,C,,5.33,,,,,,,,西非鼓类,1,是,
206,Mask,（新增）,B,,6.42,,,,,,,,西非面具,1,是,
207,Ceremonial axe,（新增）,C,,5.44,,,,,,,,东南非仪式武器与权力器物,1,是,
208,Sensul (Folding icons) in original embossed leather case,（新增）,B,,6.94,,,,,,,,埃塞俄比亚基督教手抄本与宗教图像,1,是,
209,Salem Common on Training Day,（新增）,B,,7.09,,,,,,,,塞勒姆及新英格兰地方题材绘画,1,是,
210,La belle epoque,（新增）,B,,6.1,,,,,,,,美国战后抽象绘画,1,是,
211,Untitled,（新增）,B,,5.91,,,,,,,,美国非裔抽象绘画,1,是,
212,"Webster House, Provincetown",（新增）,B,,5.71,,,,,,,,普罗温斯敦艺术殖民地绘画,1,是,
213,Weight,（新增）,B,,6.57,,,,,,,,美国当代社会主题雕塑,1,是,
214,"East Headland, Appledore, Isles of Shoals",（新增）,B,,6.98,,,,,,,,美国印象派风景画,1,是,
215,Portrait of Ahmad bin Na'aman,（新增）,A,,7.56,,,,,,,,美国海事与跨文化肖像画,1,是,
216,Velocipede,（新增）,B,,6.44,,,,,,,,美国十九世纪交通器物,1,是,
217,Jug,（新增）,B,,5.89,,,,,,,,美国早期陶器与炻器,1,是,
218,Pear,（新增）,B,,6.86,,,,,,,,美国早期彩绘木制装饰品,1,是,
219,Great chair,（新增）,B,,7.14,,,,,,,,美国早期椅具,2,是,
220,Chimneypiece from the Simon Forrester house,（新增）,B,,6.93,,,,,,,,美国早期建筑木雕构件,1,是,
221,Dressing chest,（新增）,B,,6.52,,,,,,,,美国早期储物家具,2,是,
222,Pictorial Sampler,（新增）,B,,6.64,,,,,,,,美国早期刺绣样本,1,是,
223,Side chair,（新增）,C,,5.2,,,,,,,,美国早期椅具,2,是,
224,Dwarf Clock,（新增）,B,,5.84,,,,,,,,美国早期钟表,1,是,
225,Coffee service,（新增）,C,,5.0,,,,,,,,美国现代银制器,1,是,
226,Valuables cabinet owned by Joseph and Bathsheba Pope,（新增）,A,,7.53,,,,,,,,美国早期储物家具,2,是,
227,Teapot in Hand,（新增）,B,,7.16,,,,,,,,美国当代实验陶瓷,1,是,
228,Talavera Poblana Basin,（新增）,B,,6.54,,,,,,,,墨西哥殖民时期锡釉陶器,1,是,
229,Isabella,（新增）,B,,6.62,,,,,,,,美国当代玻璃艺术,1,是,
230,Brooch,（新增）,B,,6.07,,,,,,,,美国装饰艺术珠宝,1,是,
231,Cabinet,（新增）,C,,5.0,,,,,,,,美国装饰艺术家具,1,是,
232,Sampler,（新增）,C,,4.69,,,,,,,,墨西哥纺织与刺绣,1,是,
233,Child's jacket,（新增）,B,,6.96,,,,,,,,南亚—欧洲跨文化纺织品,1,是,
234,Dressing table,（新增）,B,,7.0,,,,,,,,日本漆器与梳妆家具,1,是,
235,Shuja-ud-Daula and His Sons,（新增）,A,,7.9,,,,,,,,中国外销绘画,1,是,
236,Mounted crow cup,（新增）,A,,7.8,,,,,,,,中国外销瓷器,1,是,
237,Ewer,（新增）,A,,7.9,,,,,,,,南亚外销器物,1,是,
238,Portable shrine,（新增）,S,,8.9,,,,,,,,日本跨文化宗教艺术,1,是,
239,Chair,（新增）,A,,8.08,,,,,,,,南亚外销家具,1,是,
240,Figure of a bijin (beautiful woman),（新增）,B,,6.71,,,,,,,,日本外销瓷与陶塑,1,是,
241,A complete set of Chinese wallpaper,（新增）,A,,8.41,,,,,,,,中国外销壁纸,1,是,
242,Tea packer and tea porter,（新增）,A,,7.92,,,,,,,,广州外销人物模型,1,是,
243,Charger with the Okeover family coat of arms,（新增）,B,,6.87,,,,,,,,中国外销瓷,2,是,
244,Teapot,（新增）,A,,7.44,,,,,,,,中国外销银器,2,是,
245,Christ child,（新增）,A,,8.13,,,,,,,,南亚基督教宗教雕塑,1,是,
246,Tea Production in China,（新增）,A,,7.91,,,,,,,,中国外销贸易绘画,1,是,
247,Augustus the Strong's covered vase,（新增）,A,,7.85,,,,,,,,中国外销瓷,2,是,
248,Six-panel wall hanging,（新增）,A,,7.98,,,,,,,,清代宫廷丝织品,1,是,
249,Pair of tribute bearers,（新增）,A,,7.52,,,,,,,,中国宫廷陈设人物像,1,是,
250,"Jesus, Mary, and Joseph",（新增）,B,,5.94,,,,,,,,中国基督教主题绘画,1,是,
251,Second-degree Daoist priest's robe,（新增）,A,,7.79,,,,,,,,中国道教宗教服饰,1,是,
252,Stool,（新增）,C,,5.04,,,,,,,,中国当代设计家具,1,是,
253,Bed cover,（新增）,C,,5.29,,,,,,,,中国民间拼布纺织品,1,是,
254,Empress Xiaoxian,（新增）,B,,7.13,,,,,,,,清代宫廷人物肖像,1,是,
255,Lidded ritual grain container with lozenges and scrolls,（新增）,A,,7.37,,,,,,,,中国古代青铜礼器,1,是,
256,Desk and dressing table on stand,（新增）,B,,6.71,,,,,,,,中国家具与文房器,1,是,
257,Headdress,（新增）,A,,7.25,,,,,,,,清代服饰与头饰,1,是,
258,Snuff bottle,（新增）,B,,6.88,,,,,,,,清代宫廷珐琅器,1,是,
259,Figurehead 2.0,（新增）,A,,7.57,,,,,,,,当代数字投影艺术,1,是,
260,"Alchemy of the Soul, Elixir of the Spirits",（新增）,A,,7.61,,,,,,,,当代沉浸式多媒介装置,1,是,
261,Mr. and Mrs. Paul Mellon Staircase and Galleries,（新增）,A,,7.68,,,,,,,,PEM当代建筑与空间艺术,1,是,
262,Immanence,（新增）,B,,7.19,,,,,,,,当代观念性装置艺术,1,是,
263,Pretty Pretty 10,（新增）,B,,6.93,,,,,,,,当代纤维与织物艺术,1,是,
264,Stamp Act Repeal'd teapot,（新增）,A,,7.31,,,,,,,,18世纪英国政治纪念陶瓷,1,是,
265,Two English Boys in Asian Clothing,（新增）,B,,6.86,,,,,,,,亚洲外销艺术展中的欧洲画作,3,是,
266,Side chair from the grand salon on the ocean liner Normandie,（新增）,B,,6.75,,,,,,,,海事题材装饰器物,2,是,
267,"Homeland, Blue and White",（新增）,A,,7.63,,,,,,,,当代亚洲外销瓷再创作,1,是,
268,"Armor, helmet and cuirass, used for the gioco del ponte (contest on the bridge) in Pisa",（新增）,B,,5.92,,,,,,,,欧洲历史武备,1,是,
269,Potpourri vase,（新增）,A,,8.08,,,,,,,,亚洲外销瓷与欧洲奢侈装饰器物,1,是,
270,"Dr. Thomas Richardson Colledge and His Assistant Afun in Their Ophthalmic Hospital, Macau",（新增）,A,,7.79,,,,,,,,亚洲外销艺术展中的欧洲画作,3,是,
271,Launching of an Armed Merchantman in Calcutta Harbor,（新增）,A,,8.17,,,,,,,,亚洲外销艺术展中的欧洲画作,3,是,
272,"Pair of vases, USS Demologos and USS Constitution vs. HMS Guerriere",（新增）,A,,7.6,,,,,,,,海事题材装饰器物,2,是,
273,Prayer bead with the God in Glory and the Last Judgment,（新增）,B,,6.71,,,,,,,,欧洲宗教雕刻小型器物,1,是,
274,Chandelier for East India Marine Hall,（新增）,A,,8.2,,,,,,,,PEM早期馆史与海事空间器物,1,是,
275,Salem Light Infantry uniform,（新增）,B,,7.08,,,,,,,,塞勒姆地方历史服饰,1,是,
276,Corset,（新增）,B,,6.37,,,,,,,,19世纪欧美女性服饰,1,是,
277,Wedding dress,（新增）,C,,5.38,,,,,,,,历史与当代服装,6,是,
278,Applique Rising-Sun Quilt,（新增）,B,,6.37,,,,,,,,装饰性纺织品（被褥与床罩）,2,是,
279,Dress,（新增）,B,,6.25,,,,,,,,历史与当代服装,6,是,
280,Banyan (dressing gown),（新增）,B,,6.7,,,,,,,,历史与当代服装,6,是,
281,Palampore (bed cover),（新增）,A,,8.1,,,,,,,,装饰性纺织品（被褥与床罩）,2,是,
282,Evening tuxedo jumpsuit,（新增）,B,,6.59,,,,,,,,历史与当代服装,6,是,
283,Bracelet,（新增）,B,,6.01,,,,,,,,当代原住民首饰,1,是,
284,Dress,（新增）,B,,7.07,,,,,,,,历史与当代服装,6,是,
285,Kiss Me Dolores,（新增）,B,,5.82,,,,,,,,当代设计鞋履,1,是,
286,"Ensemble, from the collection Fashion as Resistance",（新增）,B,,6.64,,,,,,,,历史与当代服装,6,是,
287,Cape,（新增）,A,,7.51,,,,,,,,原住民服饰与纺织品,1,是,
288,Doll of a woman and child (iki ningyo),（新增）,A,,7.53,,,,,,,,日本民俗人形,1,是,
289,"Kabuki robe (uchikake) with design of tortoise, crane, and pines",（新增）,B,,7.13,,,,,,,,日本戏剧服饰,1,是,
290,"Dejima, the Dutch Trading Station at Nagasaki handscroll",（新增）,A,,7.55,,,,,,,,日本对外贸易题材绘画与手卷,1,是,
291,Teacup and saucer,（新增）,B,,5.73,,,,,,,,日本茶具,1,是,
292,Surcoat (jinbaori),（新增）,A,,7.85,,,,,,,,日本武士外套与跨文化服饰,1,是,
293,Brazier in the form of a rabbit,（新增）,B,,5.83,,,,,,,,日本动物造型陶瓷器,1,是,
294,Portrait of Edward Sylvester Morse,（新增）,B,,6.65,,,,,,,,与PEM收藏史相关的人物肖像,1,是,
295,Screen,（新增）,B,,6.32,,,,,,,,韩国折屏,2,是,
296,Ten-panel screen (Banquet of Guo Ziyi),（新增）,A,,7.55,,,,,,,,韩国折屏,2,是,
297,Soban (small individual table),（新增）,A,,7.48,,,,,,,,韩国小型漆木家具,1,是,
298,Hat (gat),（新增）,A,,7.37,,,,,,,,韩国传统帽饰,2,是,
299,Cotton armor with talismans,（新增）,A,,7.27,,,,,,,,韩国防护与仪式性服饰,1,是,
300,Portrait of Yu Giljun,（新增）,B,,6.28,,,,,,,,与韩国收藏史相关的摄影肖像,1,是,
301,Noblewoman's bridal fan (jinjuseon),（新增）,B,,6.28,,,,,,,,韩国礼仪扇具,1,是,
302,Hwarot (bridal robe),（新增）,A,,7.7,,,,,,,,韩国婚礼服饰,1,是,
303,Village guardian posts (jangseung),（新增）,B,,7.09,,,,,,,,韩国村落守护柱,1,是,
304,Box,（新增）,A,,7.63,,,,,,,,韩国漆器与螺钿盒,1,是,
305,Wrapping cloth (bojagi),（新增）,B,,5.88,,,,,,,,韩国包袱布与实用织物,1,是,
306,Nectar Ritual (gamnotaeng) hanging scroll,（新增）,A,,7.67,,,,,,,,韩国宗教仪式绘画,1,是,
307,Dragon jar,（新增）,A,,7.36,,,,,,,,韩国白瓷龙纹罐,1,是,
308,Bowler hat,（新增）,B,,6.87,,,,,,,,韩国传统帽饰,2,是,
309,"Inkwell inscribed, Madam Pauling, Joseon Ministry of Internal Affairs",（新增）,B,,6.77,,,,,,,,韩国近代外交与现代化物件,1,是,
310,Sword and sheath,（新增）,B,,6.31,,,,,,,,韩国兵器与佩饰,1,是,
311,Free reed wind instrument (saenghwang),（新增）,B,,6.91,,,,,,,,韩国传统乐器,2,是,
312,Lute (biwa),（新增）,C,,5.25,,,,,,,,韩国传统乐器,2,是,
313,Fan (taegeukseon),（新增）,C,,5.22,,,,,,,,韩国传统扇具,1,是,
314,Launching of the Ship Fame,（新增）,A,,7.41,,,,,,,,美国海事题材绘画,4,是,
315,Two-headed equestrian figurehead,（新增）,A,,7.73,,,,,,,,船舶船首雕像,1,是,
316,"The Stranding of Corvettes in the Mauvais Canal, Strait of Torres",（新增）,A,,7.62,,,,,,,,欧洲海上探险与航海绘画,1,是,
317,Royal presentation octant dedicated to King Louis XVI,（新增）,A,,7.36,,,,,,,,航海仪器与科学测量器,1,是,
318,Scrimshaw of the ship Susan,（新增）,A,,7.92,,,,,,,,美国水手雕刻与鲸牙工艺,1,是,
319,Model of the ship Queen Elizabeth,（新增）,B,,6.57,,,,,,,,历史船舶模型,2,是,
320,Ship Southern Cross in Boston Harbor,（新增）,A,,8.38,,,,,,,,美国海事题材绘画,4,是,
321,Icebound Ship,（新增）,A,,7.33,,,,,,,,美国海事题材绘画,4,是,
322,They Took Their Wives with Them on Their Cruises,（新增）,A,,7.36,,,,,,,,美国海事题材绘画,4,是,
323,Portrait of Nathaniel Bowditch,（新增）,A,,7.71,,,,,,,,美国海事人物肖像,1,是,
324,Model of the ship Friendship,（新增）,A,,8.13,,,,,,,,历史船舶模型,2,是,
325,Captain Cook Cast a Way on Cape Cod,（新增）,B,,6.96,,,,,,,,18—19世纪塞勒姆海事船舶画,2,是,
326,Ship Alfred of Salem Cap Joseph Felt,（新增）,B,,6.48,,,,,,,,18—19世纪塞勒姆海事船舶画,2,是,
327,Hovenweep #331,（新增）,A,,7.22,,,,,,,,当代美国原住民绘画,2,是,
328,"Tsu Heidei Shugaxtutaan (We Will Again Open This Container of Wisdom That Has Been Left in Our Care), Parts I and II",（新增）,A,,7.87,,,,,,,,当代原住民影像与录像艺术,1,是,
329,Boots,（新增）,A,,7.93,,,,,,,,当代原住民珠饰与穿戴艺术,1,是,
330,Indian with Beaded Headdress,（新增）,A,,7.78,,,,,,,,当代美国原住民绘画,2,是,
331,Hanodaga:yas (Town Destroyer),（新增）,A,,8.28,,,,,,,,当代原住民影像与装置艺术,1,是,
332,"David Weeden (Mashpee Wampanoag), from the ongoing Critical Indigenous Photographic Exchange series",（新增）,B,,6.79,,,,,,,,当代原住民摄影,1,是,
333,"Companion Species: Cosmos, Sunrise, Flint",（新增）,A,,7.48,,,,,,,,当代美国原住民纤维艺术,1,是,
334,Drum,（新增）,A,,7.31,,,,,,,,历史时期阿拉斯加原住民器物,1,是,
335,Sash,（新增）,B,,6.93,,,,,,,,历史时期美国原住民纺织与珠饰,1,是,
336,Bibi k'inpi (cradleboard),（新增）,A,,7.56,,,,,,,,历史时期美国原住民婴儿背板,1,是,
337,Mask,（新增）,B,,6.83,,,,,,,,美国原住民艺术,6,是,
338,Basket,（新增）,B,,6.5,,,,,,,,美国原住民艺术,6,是,
339,The Seine of Journeys,（新增）,A,,7.46,,,,,,,,美国原住民艺术,6,是,
340,Pipe,（新增）,A,,7.27,,,,,,,,美国原住民艺术,6,是,
341,Sculpture,（新增）,A,,7.77,,,,,,,,美国原住民艺术,6,是,
342,Doll,（新增）,B,,5.9,,,,,,,,美国原住民艺术,6,是,
343,King penguin (Aptenodytes patagonicus),（新增）,B,,6.43,,,,,,,,塞勒姆历史自然史藏品,6,是,
344,Coco de mer (Lodoicea maldivica) nut,（新增）,B,,6.56,,,,,,,,塞勒姆历史自然史藏品,6,是,
345,Ostrich (Struthio camelus) egg,（新增）,B,,5.56,,,,,,,,塞勒姆历史自然史藏品,6,是,
346,Leatherback turtle (Dermochelys coriacea),（新增）,B,,7.2,,,,,,,,塞勒姆历史自然史藏品,6,是,
347,Red Malay rooster (Gallus gallus domesticus),（新增）,B,,6.71,,,,,,,,塞勒姆历史自然史藏品,6,是,
348,Zoological illustration of a newly discovered species of toad,（新增）,B,,6.6,,,,,,,,塞勒姆历史自然史藏品,6,是,
349,"Insect teaching chart for the Peabody Academy of Science's Summer School of Biology, Salem",（新增）,B,,5.69,,,,,,,,十九世纪自然史教学图表,1,是,
350,Pintail decoy,（新增）,C,,5.35,,,,,,,,美国鸟类诱鸭雕刻,2,是,
351,Decorative carving of a semipalmated sandpiper,（新增）,B,,6.44,,,,,,,,美国鸟类诱鸭雕刻,2,是,
352,Marginal wood fern (Dryopteris marginalis),（新增）,B,,5.82,,,,,,,,植物学模式标本,1,是,
353,"American bison, bull",（新增）,B,,5.87,,,,,,,,美国大型哺乳动物标本,1,是,
354,Headdress,（新增）,B,,7.19,,,,,,,,大洋洲身体装饰品,3,是,
355,Pipe,（新增）,B,,6.8,,,,,,,,毛利雕刻与贝壳镶嵌器物,1,是,
356,"Kava - We, the two of us",（新增）,B,,6.63,,,,,,,,夏威夷原住民当代艺术,1,是,
357,Tapa,（新增）,A,,7.2,,,,,,,,大洋洲树皮布与纤维织物,1,是,
358,Peue ei (women's head ornament),（新增）,A,,7.97,,,,,,,,大洋洲身体装饰品,3,是,
359,Bure kalou (spirit house),（新增）,A,,8.53,,,,,,,,大洋洲仪式性灵屋与建筑模型,1,是,
360,Kupe'e hoaka (boar tusk bracelet),（新增）,A,,7.75,,,,,,,,大洋洲身体装饰品,3,是,
361,Fan,（新增）,B,,7.06,,,,,,,,马克萨斯群岛传统器物,1,是,
362,Scrapbook containing ancestor portraits of Chinese men and women,（新增）,B,,5.73,,,,,,,,中国祖先肖像与家族文献,1,是,
363,Designs for fur coats,（新增）,C,,3.7,,,,,,,,服饰设计图,1,是,
364,The New Testament of our Lord and Saviour Jesus Christ,（新增）,C,,5.16,,,,,,,,美国宗教与战争文献,1,是,
365,"Map of Nagasaki, Hizen Province, Japan (Hizen Nagasaki zu)",（新增）,B,,7.18,,,,,,,,日本历史地图,1,是,
366,Cleopatra's Barge (Yacht) journal,（新增）,A,,8.07,,,,,,,,塞勒姆海事航海文献,1,是,
367,Study for the front elevation of Derby Mansion,（新增）,A,,7.32,,,,,,,,塞勒姆建筑设计图,1,是,
368,"Account of Lafayette Dinner, August 30, 1824",（新增）,B,,6.55,,,,,,,,塞勒姆地方社会史文献,1,是,
369,Commonplace book,（新增）,C,,4.76,,,,,,,,早期美国私人笔记本,1,是,
370,Massachusetts Colony five-shilling note,（新增）,B,,6.53,,,,,,,,早期马萨诸塞货币,1,是,
371,Illustrated note,（新增）,C,,5.29,,,,,,,,南亚现代艺术文献,1,是,
372,America: A Hymnal,（新增）,B,,7.04,,,,,,,,当代艺术家书,1,是,
373,Shina Pekinjo Kenchiku (plate 18),（新增）,B,,6.06,,,,,,,,日本建筑史图版与建筑文献,1,是,
374,"Petition of Mary Esty, September 15, 1692",（新增）,A,,7.2,,,,,,,,塞勒姆巫术审判历史文书,1,是,
375,"Portrait of William Lloyd Garrison, George Thompson, and Wendell Phillips",（新增）,A,,7.51,,,,,,,,美国废奴运动肖像摄影,1,是,
376,"Pont Neuf, Paris",（新增）,B,,6.39,,,,,,,,早期城市与建筑摄影,1,是,
377,"Cinquefoil, from the Ephemera portfolio",（新增）,B,,6.47,,,,,,,,美国当代艺术摄影,1,是,
378,Scrimshaw Carver,（新增）,B,,6.45,,,,,,,,美国海事劳动摄影,1,是,
379,"Canyonlands, Utah",（新增）,B,,5.6,,,,,,,,美国西部景观摄影,1,是,
380,Japanese Woman at Her Toilette,（新增）,B,,6.9,,,,,,,,日本风俗与旅行摄影,1,是,
381,"Wounded Soldiers Being Tended in the Field after the Battle of Chancellorsville near Fredericksburg, VA",（新增）,B,,7.04,,,,,,,,美国内战纪实摄影,1,是,
382,"View of the Beach, The Mangrove Coast, Florida",（新增）,B,,6.36,,,,,,,,美国现代纪实摄影,1,是,
383,"Treasury Street, Canton",（新增）,A,,7.77,,,,,,,,19世纪中国纪实摄影,4,是,
384,"The Island Pagoda, from the album Foochow and the River Min",（新增）,A,,7.35,,,,,,,,19世纪中国纪实摄影,4,是,
385,Whalers Rousseau and Desdemona,（新增）,A,,7.45,,,,,,,,美国19世纪海事摄影,1,是,
386,Portrait of a Woman (Possibly Empress Myeongseong),（新增）,B,,5.96,,,,,,,,19世纪亚洲纪实摄影,3,是,
387,"Khamba Jong, Tibet, from the album Tibet and Lhasa",（新增）,B,,6.29,,,,,,,,19世纪亚洲纪实摄影,3,是,
388,A Royal Family,（新增）,B,,6.25,,,,,,,,19世纪亚洲纪实摄影,3,是,
389,Protector Goddess,（新增）,B,,7.08,,,,,,,,南亚宗教木雕,1,是,
390,Woman '95,（新增）,B,,7.16,,,,,,,,印度当代雕塑,1,是,
391,August '81,（新增）,B,,6.39,,,,,,,,印度现代与当代绘画,6,是,
392,Old Arguments on Indigenism,（新增）,A,,7.32,,,,,,,,印度现代与当代绘画,6,是,
393,2nd October,（新增）,B,,6.96,,,,,,,,印度现代与当代绘画,6,是,
394,Untitled,（新增）,A,,7.5,,,,,,,,印度现代与当代绘画,6,是,
395,Man,（新增）,A,,7.37,,,,,,,,印度现代与当代绘画,6,是,
396,Bindu La Terre,（新增）,A,,7.71,,,,,,,,印度现代与当代绘画,6,是,
397,Two Men with Hand Cart,（新增）,B,,6.68,,,,,,,,印度现代绘画,2,是,
398,Girl Eating Rasagolla,（新增）,A,,7.4,,,,,,,,印度现代绘画,2,是,
399,Hanuman Revealing Rama and Sita in his Heart,（新增）,B,,7.02,,,,,,,,印度宗教叙事艺术,1,是,
400,Devotee of Krishna,（新增）,A,,7.41,,,,,,,,印度宗教泥塑,1,是,
401,Portrait of Captain William B. Aiken,（新增）,B,,5.52,,,,,,,,18—19世纪人物肖像画,7,是,
402,Portrait of Charlotte Story Forrester,（新增）,B,,6.74,,,,,,,,18—19世纪人物肖像画,7,是,
403,Portrait of Nancy Blood Story,（新增）,C,,5.4,,,,,,,,18—19世纪人物肖像画,7,是,
404,View of the Northfields (North Salem) and Beverly,（新增）,B,,6.54,,,,,,,,18—19世纪新英格兰风景画,1,是,
405,Portrait of William Pepperrell,（新增）,B,,6.84,,,,,,,,18—19世纪人物肖像画,7,是,
406,John Quincy Adams by Charles Osgood,（新增）,B,,6.7,,,,,,,,18—19世纪人物肖像画,7,是,
407,Portrait of Alexander Hamilton,（新增）,A,,7.71,,,,,,,,18—19世纪人物肖像画,7,是,
408,Portrait of Henry Carwick,（新增）,A,,7.28,,,,,,,,18—19世纪人物肖像画,7,是,
409,View of Courthouse Square,（新增）,C,,4.83,,,,,,,,新英格兰地方风景油画,1,是,
410,Portrait of Abraham Prescott Jr.,（新增）,C,,3.59,,,,,,,,美国肖像油画,6,是,
411,Portrait of Nathaniel Hawthorne,（新增）,B,,6.69,,,,,,,,美国肖像油画,6,是,
412,Portrait of Jane Shattuck,（新增）,C,,5.2,,,,,,,,美国肖像油画,6,是,
413,Shoes 134356.1253AB,（新增）,C,,4.02,,,,,,,,历史鞋履,1,是,
414,"The Captain, by Gilbert Gaul",（新增）,C,,5.35,,,,,,,,美国历史与军事题材油画,1,是,
415,After the Storm,（新增）,C,,5.2,,,,,,,,美国风景油画,1,是,
416,Timothy Fitch by Joseph Blackburn,（新增）,C,,5.39,,,,,,,,美国肖像油画,6,是,
417,Portrait of Elizabeth Chipman Gray,（新增）,B,,6.45,,,,,,,,美国肖像油画,6,是,
418,Portrait of William Gray,（新增）,B,,6.9,,,,,,,,美国肖像油画,6,是,
419,Cage of la Corriveau,（新增）,B,,7.11,,,,,,,,刑罚与司法历史器物,1,是,
420,Plate with the coat of arms of Willem van Outhoorn,（新增）,A,,8.27,,,,,,,,亚洲外销漆器,1,是,
421,Sweetmeat set with the coat of arms of Johannes Camphuys,（新增）,A,,7.58,,,,,,,,亚洲外销瓷器,5,是,
422,Dish/Charger with the IHS cipher for Christ,（新增）,A,,7.99,,,,,,,,亚洲外销瓷器,5,是,
423,Charger with a view of Xiamen (Amoy),（新增）,A,,7.96,,,,,,,,亚洲外销瓷器,5,是,
424,Kuka'ilimoku E12071,（新增）,A,,8.46,,,,,,,,夏威夷传统器物,2,是,
425,Leiomano E19679,（新增）,A,,7.42,,,,,,,,夏威夷传统器物,2,是,
426,Sioux baby carrier E21292,（新增）,B,,6.0,,,,,,,,北美原住民婴儿背袋,1,是,
427,Djilakons mask,（新增）,A,,8.15,,,,,,,,西北海岸仪式木雕,1,是,
428,Nguru E5520,（新增）,A,,7.54,,,,,,,,毛利传统木雕器物,1,是,
429,Jagannatha-E7626,（新增）,B,,6.74,,,,,,,,南亚宗教陶塑,1,是,
430,Kutch blouse E77824,（新增）,B,,6.8,,,,,,,,古吉拉特女性刺绣服饰,1,是,
431,european family,（新增）,C,,5.38,,,,,,,,亚洲外销瓷器,5,是,
432,Charger with VOC emblem,（新增）,A,,8.04,,,,,,,,亚洲外销瓷器,5,是,
433,Ropework beckets M10698,（新增）,B,,5.68,,,,,,,,船舶绳工艺,1,是,
434,"An unsigned, undated astrolabe with an unusual rete",（新增）,B,,6.53,,,,,,,,航海天文仪器,1,是,
435,Judge Richard Saltonstall by Robert Feke,（新增）,B,,6.61,,,,,,,,殖民地美国肖像画,2,是,
436,Mouqua,（新增）,A,,7.25,,,,,,,,中国外销肖像画,1,是,
437,Aquamarine demi-parure M20453,（新增）,B,,5.69,,,,,,,,19世纪珠宝首饰,1,是,
438,Figurehead from the ship Galatea,（新增）,A,,7.38,,,,,,,,美国海事船首像,3,是,
439,Portrait of Mrs. Thomas Shippard,（新增）,B,,5.81,,,,,,,,殖民地美国肖像画,2,是,
440,Great Clipper Trade Wind for Panama,（新增）,B,,6.05,,,,,,,,海事航运图像纺织品,1,是,
441,Female figurehead M27185,（新增）,A,,7.68,,,,,,,,美国海事船首像,3,是,
442,Portrait of Rajinder Dutt,（新增）,B,,6.23,,,,,,,,南亚殖民时期肖像画,1,是,
443,Figurehead M6490,（新增）,B,,6.82,,,,,,,,美国海事船首像,3,是,
444,The Examination of a Witch,（新增）,A,,8.12,,,,,,,,塞勒姆女巫题材历史画,1,是,
445,U.S.S. WASP Boarding H.M Brig FROLIC,（新增）,A,,7.39,,,,,,,,美国海事历史油画,3,是,
446,Clipper Ship HURRICANE in the English Channel,（新增）,B,,6.6,,,,,,,,英国及跨大西洋航运油画,1,是,
447,Burning of the Ocean Monarch,（新增）,A,,7.89,,,,,,,,海难与海事事件油画,1,是,
448,View of Whampoa Island and the Whampoa anchorage from Dane's Island (Changzhou) in the Pearl River in Canton (Guangzhou).,（新增）,A,,8.14,,,,,,,,中国外销与广州港口绘画,1,是,
449,"A catalogue of the different specimens of cloth collected in the three voyages of Captain Cook, to the southern hemisphere",（新增）,A,,7.73,,,,,,,,大洋洲航海与民族志文献,1,是,
450,"The Yacht America Winning the International Race, 1851",（新增）,A,,8.05,,,,,,,,美国海事历史油画,3,是,
451,birdcage vase,（新增）,B,,7.17,,,,,,,,亚洲外销瓷与复合材质器物,1,是,
452,Crowninshield's Wharf,（新增）,A,,7.86,,,,,,,,塞勒姆港口与地方海事油画,1,是,
453,"Still-Life with Green and Purple Grapes, a Peach, and a Pear",（新增）,C,,5.27,,,,,,,,静物油画,1,是,
454,Dashing Wave Clipper Ship off Boston Light,（新增）,A,,7.53,,,,,,,,美国海事历史油画,3,是,
455,Portrait of Stephen Reynolds,（新增）,B,,5.79,,,,,,,,美国十九世纪肖像画,1,是,
456,Sailor's embroidered ditty bag,（新增）,A,,7.2,,,,,,,,海员生活与航海纺织品,1,是,
457,PEM Inca dance crown,（新增）,B,,6.28,,,,,,,,安第斯仪式性冠饰,1,是,
458,The Great Gale of 1846,（新增）,A,,7.52,,,,,,,,塞勒姆海事历史绘画,2,是,
459,Stamp Act Repeal'd teapot,（新增）,A,,7.52,,,,,,,,殖民时期政治纪念陶瓷,1,是,
460,John Morton painting,（新增）,C,,4.67,,,,,,,,十九世纪美国水彩肖像,1,是,
461,Ostrich egg PEM,（新增）,C,,5.03,,,,,,,,海上贸易时代的异域珍奇,1,是,
462,"Hamilton, Salem",（新增）,B,,6.59,,,,,,,,塞勒姆海事历史绘画,2,是,
463,The Letter by Lucy Hiller Lambert Cleveland,（新增）,B,,5.56,,,,,,,,新英格兰十九世纪纺织手工艺,1,是,
464,Figurehead of Britannia,（新增）,A,,8.05,,,,,,,,海事船首像,1,是,
465,"View of the City of Victoria, Hong Kong, by Sunqua",（新增）,A,,8.47,,,,,,,,十九世纪华南外销绘画,2,是,
466,Portrait of Harriet Low,（新增）,A,,8.27,,,,,,,,十九世纪华南外销绘画,2,是,
467,Portrait of Henry Hoolulu Pitman,（新增）,A,,7.5,,,,,,,,夏威夷与波利尼西亚人物肖像,1,是,
