key,seq
c:5,1
c:155,2
c:156,3
c:258,4
c:466,5
c:470,6
c:471,7
c:473,8
c:474,9
c:475,10
c:476,11
c:477,12
c:478,13
c:479,14
c:480,15
c:481,16
c:482,17
c:483,18
c:488,19
c:489,20
c:491,21
c:493,22
c:494,23
c:495,24
c:496,25
c:497,26
c:498,27
c:507,28
c:1852,29
en:1636,30
a:3263:伪满黄釉“万寿”团纹盅,31
a:3263:伪满黄釉“宫”字盅,32
a:3263:日本七宝烧黄地凤纹香炉,33
a:3263:日本七宝烧翠竹三鸡纹盘口瓶,34
x:54,35
x:55,36
x:267,37
x:367,38
x:1353,39
x:2424,40
x:2425,41
x:2426,42
x:2427,43
x:2428,44
x:2429,45
x:2430,46
x:2431,47
x:2432,48
x:2433,49
x:2434,50
t:3263,51
g:2657:西厢房,52
g:2657:南厢房,53
g:2657:嘉乐殿,54
g:2657:卤簿车库,55
g:2657:百年机车馆,56
g:2657:御用跑马场,57
g:2657:薰南楼,58
g:2657:艰苦卓绝十四年——东北人民抗战史实陈列,59
g:2657:侵华日军第一〇〇部队细菌战罪证陈列,60
g:2657:天地英雄气 千秋尚凛然——缅怀东北抗战英烈和英雄群体,61
